primary_source,FRP,ACAd,ACAv,PL,ILA,ORBl,ORBm,ORBvl,AId,AIv,AIp,GU,VISC,TEa,PERI,ECT,SSs,SSp-bfd,SSp-tr,SSp-ll,SSp-ul,SSp-un,SSp-n,SSp-m,MOp,MOs,VISal,VISl,VISp,VISpl,VISli,VISpor,VISrl,VISa,VISam,VISpm,RSPagl,RSPd,RSPv,AUDd,AUDp,AUDpo,AUDv,MOB,AOB,AON,TT,DP,PIR,NLOT,COAa,COAp,PAA,TR,CA1,CA2,CA3,DG,FC,IG,ENTl,ENTm,PAR,POST,PRE,SUB,ProS,HATA,APr,CLA,EPd,EPv,LA,BLA,BMA,PA,CP,ACB,FS,OT,LSc,LSr,LSv,SF,SH,AAA,BA,CEA,IA,MEA,GPe,GPi,SI,MA,MS,NDB,TRS,BST,BAC,VAL,VM,VPL,VPLpc,VPM,VPMpc,PoT,SPFm,SPFp,SPA,PP,MG,LGd,LP,PO,POL,SGN,AV,AM,AD,IAM,IAD,LD,IMD,MD,SMT,PR,PVT,PT,RE,Xi,RH,CM,PCN,CL,PF,PIL,RT,IGL,IntG,LGv,SubG,MH,LH,SO,ASO,PVH,PVa,PVi,ARH,ADP,AVP,AVPV,DMH,MEPO,MPO,OV,PD,PS,PVp,PVpo,SBPV,SCH,SFO,VMPO,VLPO,AHN,LM,MM,SUM,TMd,TMv,MPN,PMd,PMv,PVHd,VMH,PH,LHA,LPO,PST,PSTN,PeF,RCH,STN,TU,ZI,ME,SCs,IC,NB,SAG,PBG,MEV,SCO,SNr,VTA,PN,RR,MRN,SCm,PAG,APN,MPT,NOT,NPC,OP,PPT,CUN,RN,III,MA3,EW,IV,Pa4,VTN,AT,LT,DT,MT,SNc,PPN,IF,IPN,RL,CLI,DR,NLL,PSV,PB,SOC,B,DTN,PDTg,PCG,PG,PRNc,SG,SUT,TRN,V,P5,Acs5,PC5,I5,CS,LC,LDT,NI,PRNr,RPO,SLC,SLD,AP,DCO,VCO,CU,GR,ECU,NTB,NTS,SPVC,SPVI,SPVO,Pa5,VI,VII,ACVII,AMB,DMX,GRN,ICB,IO,IRN,ISN,LIN,LRN,MARN,MDRNd,MDRNv,PARN,PAS,PGRNd,PGRNl,NR,PRP,PPY,LAV,MV,SPIV,SUV,x,XII,y,RM,RPA,RO,LING,CENT,CUL,DEC,FOTU,PYR,UVU,NOD,SIM,AN,PRM,COPY,PFL,FL,FN,IP,DN,VeCB
AD,0,0,0.01496189496953355,0,0,0,0,0,0.00162873339472593,0,0.00200824706231631,0,0,5.7037239445519e-4,0.00136418345242343,0.001872106420353605,0,0,0,8.3970008207551e-4,0,0,0,0,8.6990737933294e-4,0.009948100629311955,0.00102646239497395,0,0.00570550744910455,4.80134805691155e-4,5.03644141109925e-4,0.001369312243355485,0,0,0,0,0.001513301698857925,0,0.1390714587346325,0,0,0,0.00155814295447184,0,0,0,0,0,0.00104743098210809,0,4.8498603790302e-4,0.01030785233816905,7.1404888485063e-4,0.0059432139963546,0.00157490222735404,0.0091597538996365,0.1142348313118185,0.02807328622994605,0.00149323293137947,0,0.006545486771651105,0.00288785110060249,0.00129488767582584,0.01106496635954944,5.4262467861188e-4,0.00595342473350195,5.36622328223085e-4,0.002638784711450745,4.45430450913705e-4,0,0,3.51484094399815e-4,0.001220437361142955,0.00377572070599984,0.00914056984244215,0.0030546454419407,0.08881007296898585,0.0122599813513219,1.227829386652105e-4,8.11140039532095e-4,1.12036089171825e-4,1.96184595330425e-4,2.32528393082715e-4,0,1.475277291897685e-8,1.4975415536491e-4,0,0.00421854638046296,0.0012004113962363848,0,0,0,0,0,0,0,0,0.019821981780662107,0,1.19162552269955e-4,0,1.4607457074342e-4,0,4.84453431237196e-5,0,0,0,0,0,0,0,0,0.001636490019133805,0,1.928310398385965e-5,0,0.059712315424279946,0.02390394851333845,0.0443402891952392,0,0.00677800940432266,0.02511230267930055,1.2363636354981e-4,0.07508738471231305,0,2.3532459401862e-4,0.024981876021842993,0.018057194333798862,6.8024919046123e-4,0,0,0,2.3756310136972185e-4,0.005781651015969325,2.05633503613225e-4,0,0.05979934317831745,0,0,0,0,0.00159410074969874,0.01119061033233844,1.61690712193743e-5,0,2.628424942257565e-7,0,3.192906740097195e-5,0,0,8.3050862442515e-5,1.147390521864745e-6,0,5.6033899768775e-5,8.05717385073415e-4,0,0,0,9.2178844744156e-4,0,1.279435073906e-4,3.7984054460563e-4,0,0,3.360965706861565e-5,7.8764703915562e-4,3.61863113828e-4,9.500934124961e-4,0,0,0,0,7.86888825133835e-8,7.44843145294515e-5,2.0447295610703616e-5,0.001065288036242595,2.9673313710028e-4,0,2.86230266125465e-4,0,7.24625667605605e-6,0,0,0.00102052808903743,8.4657888865941e-4,0.003301810494363525,3.2901656009289e-4,0,0,0,0,0,0,0,0,0,5.3171257719295e-8,0,0,0,1.9591391803802e-4,0,0,0,1.4945030791589474e-4,0,0,0,0,0,0,0,0,0,0,5.535881810221e-5,2.22525894594055e-6,4.860388331855965e-5,4.724969405264055e-5,0,0,4.685070119796435e-5,0,0,0,4.513610504543084e-5,1.64495603988965e-4,0,0,0,0,0,0,0,0.0061436537580328654,0,0,0,3.6587038400525e-4,0,0,0,0,0,0,0,0,0,6.7121699027339e-4,0,0,0,0,0,0,0,0,0,0,0,0,0,0,0,0,0,0,0,1.06817956887167e-6,0,0,0,0,0,0,0,0,0,0,0,0,0,0,0,0,0,0,0,0,0,0,0,0,0,0,0,5.7849223261135e-5,0,0,0,0,0,0,0,0,0,0,0,0,0,0,0,0,0
AM,4.988385390186695e-5,0.0740631483638888,0.167446123807323,0.06896816457190964,0.02263122464827785,0.00218138089242687,0.01895656505472665,0.010096098379010005,7.627148374202649e-4,0.001549938554027645,4.32666120501285e-4,2.19862554368072e-6,2.340385803207965e-5,7.332604006341299e-4,5.03739663136925e-4,0.001393253321281255,0,0,6.23523756478475e-4,3.64364232282435e-4,6.399560729092375e-5,0,0,0,9.636105017626049e-4,0.02628295798976095,1.2817650362154e-4,1.9740672953921502e-4,8.7083213738947e-4,2.08960431758965e-4,1.492755691232968e-5,9.2032814989318e-4,9.011214852511706e-5,5.31275988753525e-4,0.00163214454337603,5.2170827352329e-4,0.017416863013779506,0.007550156297529405,0.03108209078927635,0,0,2.17609443863272e-6,2.552903571611935e-5,0,3.188900813045325e-5,3.9440954503589e-4,6.0502135422768e-4,0.00682940685647849,1.43379244443965e-4,2.228882300772765e-5,1.065542586656225e-4,3.16965231094433e-5,8.0831583122053e-6,5.289486669221645e-5,2.44777554130375e-5,0,0,0,0,0.00199228994882889,0.00622040130080519,0.002400896961705915,4.43618833127365e-4,0.0022543108258096948,6.1581367638033e-4,0.00133549876093865,3.2228771035587003e-4,8.987855307717655e-6,1.8134664683586e-4,0.0050019098166685805,2.16520277073945e-4,1.2500752827677e-4,6.1713161434226e-4,0.010484183238948015,0.00168394341433644,5.2409403478778504e-5,0.1758486880292375,0.02920334412351875,1.779240596863727e-4,0.001103307872971415,3.34250330207792e-5,0.001051400082497615,2.35308678538515e-4,1.70071239768359e-5,4.674276678018105e-5,1.8696274644038e-4,2.3350793462816047e-6,0.001391490623939545,2.1481171670552e-4,2.7413845821841e-4,9.5058028585241e-4,0,0.0033910011710818052,3.481143925592745e-5,4.217963535466765e-6,1.3466814319905006e-4,3.19424026951145e-5,0.00615132237414753,1.1062557564738349e-7,0.0015941608765943352,4.9324185331508e-4,2.235718237385785e-5,0,2.84685618674884e-7,9.48860253084485e-8,0,1.7037571578432105e-6,6.17088454813125e-7,7.851204211129365e-6,0,0,0,2.3464536527455806e-5,1.3740557669051299e-5,0,0,0.007423974711782645,0.01623740128658965,0.001148845877846505,8.529095431637249e-4,0.0031170952212145647,7.24544907874545e-4,3.48195477329259e-5,0.00377641666779304,5.49116221543724e-5,2.2996871201876002e-4,4.5718518637262e-4,0.00273936045156062,6.3801675115191e-4,9.16176596612385e-6,2.3676382567315498e-4,6.257951862752951e-4,1.6646167287458002e-4,2.7334233336946505e-4,2.968193210793635e-5,0,0.01639888740237965,0,0,0,8.17664109665805e-9,2.454110228798217e-5,9.1070535902834e-5,5.264086396645169e-6,0,1.290019019354708e-6,0,0,2.24081736671057e-6,5.67243787948927e-6,0,4.24348125393144e-6,6.1572774699423655e-6,8.538156854915086e-7,4.369614285076635e-5,0,0,4.56080009572034e-6,4.83417259924815e-6,0,1.7272882544541265e-6,0,0,0,7.66279405649694e-6,1.6876971796916002e-5,0,1.77475027191624e-5,0,8.97584929227297e-7,7.63736921930025e-7,2.0903142507401153e-6,7.309934628176765e-6,5.607323281353815e-6,8.242298889344246e-6,3.9896169130374055e-6,6.9730602768141e-5,0.00102536756585912,5.8034835541414e-4,1.283801813127205e-7,6.68847120179411e-6,5.407593869692015e-6,1.8686802737892985e-7,0,1.1289477255563255e-5,0.001314530774472445,7.378687904239695e-6,0,0,0,0,0,0,0,0,3.4611261646673995e-6,7.0899573268345e-8,1.2959286932950978e-7,1.4324103363809615e-5,7.16700022295025e-6,1.44668326496015e-4,1.977971838701175e-7,0,0,7.1252214318552054e-6,0,6.75313809248619e-7,0,0,0,0,0,0,0,0,0,0,0,0,1.1389649728898776e-6,1.483269260466395e-7,1.130713342174035e-6,0,8.52273331155885e-9,0,1.47784519398186e-6,0,0,0,0,0,1.14502921401653e-8,0,2.512764312141645e-6,0,0,0,0,0,0,0,0,0,0,0,0,4.6172677317015e-8,0,4.885294076165895e-6,0,0,0,5.2971006265816e-8,0,0,0,0,0,0,0,0,0,0,0,0,0,0,0,0,0,0,0,0,0,0,0,0,0,0,0,0,0,0,0,0,0,0,0,0,0,0,0,0,0,0,0,0,0,0,0,0,0,0,0,0,0,0,0,0,0,0,0,0,0
AV,2.311861694998975e-5,0.05512161991536855,0.03646841852588305,0.006072044015754615,3.6262530981343e-4,0,1.0036757565863e-4,2.3674643864107e-4,3.73280317215817e-5,0,0,0,0,6.0077651066515e-5,2.14883588299525e-5,7.068880569773735e-5,0,0,3.0907694543763e-4,0.002307504989282515,1.5421100209169e-4,1.80550752282903e-5,0,0,0.0027724240819190947,0.02906360412728855,4.0548350601263555e-5,1.6458039342677e-4,0.00290945186263504,3.5361026437441003e-4,3.90730466812566e-6,1.000579189986743e-4,1.06879171502995e-4,8.6653850957108e-4,0.001412650947384555,8.66323814959925e-4,0.005746687928676925,0.03529808837063985,0.20544749402519702,0,0,0,0,0,0,0,0,0,0,0,1.61087304605028e-5,0,0,0,3.53486745859426e-5,0,0,0,0,1.1795222156328e-4,0.0014365401046536799,0.00480763252809967,0.0011856788879539351,0.0493974555814245,0.01275122236778956,0.009045140840933495,6.13891056623155e-4,0,0.003167296030759815,2.30155600463795e-4,0,1.064415745740555e-7,3.378878008977635e-6,0,1.925381316536485e-7,0,0.144271281484886,1.396047101109365e-5,0,0,0,0,8.3840127782888e-10,8.9078215947458e-7,9.434152303962415e-8,0,0,3.624485825930755e-6,0,0,0,0,0,0,0,0,0,7.9326010922923e-4,0,0.007651580786691805,1.0330680502410481e-4,0.00127504970571031,0,1.1914484334013401e-5,0,0,0,0,0,0,0,0,2.4349084229988502e-4,3.630051340466495e-5,0,0,0.0169158273872061,0.004901491521838065,0.002865681625454765,1.7522246542652e-5,8.00119247448175e-4,0.00803089725804063,1.202781927146305e-6,6.577160091263601e-4,4.259992010356915e-7,2.767746317067665e-6,3.70040190045584e-6,1.133393251860048e-5,6.78178001001422e-6,0,0,2.650107147285845e-5,1.2451811647907384e-4,0.00133995873215021,0,0,0.024445585564824047,0,0,0,0,0,3.99973874018543e-7,0,0,0,0,0,0,0,0,2.18926930020869e-7,0,0,0,0,0,0,0,0,0,0,0,0,7.21343487442722e-7,0,0,0,0,0,0,0,0,0,0,0,2.541615266016247e-6,0,0,0,0,0,1.03488101523632e-8,0,3.61506057816579e-6,0,0,0,0,0,0,0,0,0,0,0,0,0,0,0,0,0,0,0,0,0,0,0,0,0,0,0,0,0,0,0,0,0,8.15281874369965e-8,0,0,0,0,0,0,0,0,0,0,0,0,0,0,0,0,0,0,0,0,0,0,0,0,0,0,0,0,0,0,0,0,0,0,0,0,0,0,0,0,0,0,0,0,0,0,0,0,0,0,0,0,0,0,0,0,0,0,0,0,0,0,0,0,0,0,0,0,0,0,0,0,0,0,0,0,0,0,0,0,0,0,0,0,0,0,0,0,0,0,0,0,0,0,0
CL,3.66579644166648e-5,0.0464707536502513,0.015598501989695715,0.043290096530800695,0,0,0,4.48550608314815e-4,0.004455662865911675,0.001684872569113875,0,6.66076713871605e-4,4.7414300737777e-4,1.786088538104e-4,2.126549088651505e-6,1.3418246670957715e-4,0.00253354594439157,3.58113944710355e-4,0.006031093929423925,0.01077032929948221,0.002863813920283205,2.20321648214695e-4,3.40013219594708e-7,0,0.0320266533897184,0.018514407210451958,2.119180386569e-4,0,0,2.6801333269916254e-4,2.133360080329995e-5,0,3.16989779742067e-5,0.00285898848020988,2.581291830265525e-5,0,0.011849236386800834,0,3.45381525319665e-4,6.9740192534902e-4,0,1.39142662998575e-4,6.539002615934e-5,0,0,0,0,0,0,0,4.74228204236196e-5,3.67473196573995e-4,0,1.0867405516113e-4,0,9.177547951279e-5,6.68540798816255e-4,0,0,0,0,0,0.001645009596669705,0,0,3.42368627561935e-4,0,0,2.6293211217984e-4,0.002113856176931965,9.641038246637e-5,0,0,0,2.19230811404014e-5,0,0.5390607953562561,0.0366625972467396,0,0,0,0,3.94344358869862e-6,0,0,3.795275477324125e-6,0,8.77041382086e-5,8.40819385741735e-6,0,0.00478795142602963,0,3.3457132079424e-4,1.12503432947846e-5,0,0,0,3.65377199843849e-4,0,0.0169523087853305,3.20030740176e-4,0.0046729169099172995,6.7638651623717e-8,8.57255065995075e-4,6.4901671331355e-5,5.1454170345500386e-5,2.134492885396355e-5,7.6808285947e-5,2.7896275931325076e-5,2.877031959483245e-6,4.90949724200991e-5,0,0.01652346421654599,0.0064123381628498795,5.0290838101127e-5,0,0.0030586808755572147,1.382913301998747e-4,0,6.366944405563614e-5,1.20298010127125e-4,0.004342736475708285,2.01943985209942e-5,0.0264619784993141,0,1.3787902828001649e-6,3.265839066714419e-4,0,4.582528978447115e-7,0,1.633121368328436e-5,4.2201164373279165e-4,0.00171508481582529,0.03092433664269165,0.00855185709552313,0,0.029409542790072553,0,1.247017553730595e-6,4.82405897862935e-4,0,0,0.016897697317948067,1.551429242258335e-6,0,1.13238071260235e-5,0,0,0,0,0,3.90020567884244e-6,2.29536420448685e-4,1.9263547374145484e-7,8.04745508228235e-6,0,2.86501375560918e-6,0,0,0,0,0,0,0,4.09156749459743e-5,1.4146795026083e-4,0,0,0,3.617530207362225e-6,2.04322565338935e-4,0,0,4.082337371807675e-6,1.06231914709238e-5,0,4.242221086622e-4,3.2185243381366e-4,0,0,0,1.1380501824441e-4,1.29090267963817e-6,0,2.964159795120675e-5,1.5941510857434e-4,1.668518967502915e-5,0,0,8.9943535609837e-7,0,0,0,0,6.9543419584925e-5,0.00275310992937811,4.025834273962195e-8,1.845859323273035e-7,0.00257713379146499,1.895790070372e-4,0.0019413587493912398,6.119384833537187e-4,0,2.194171461665745e-5,8.17121291417835e-4,0,8.148533705309814e-5,0,6.365145923587e-5,0,0,0,0,8.937557835255906e-5,1.88675436074201e-5,7.308160603744073e-4,0,1.7056618333992e-7,1.30204357444755e-7,2.63131680476223e-6,1.63394601843479e-5,3.592863355379386e-4,0,1.673424275319e-4,0.00172802355032054,3.6479384793050893e-4,5.4628593792495e-5,9.270842886279e-5,3.64218229203308e-5,1.932703962757665e-5,3.22926917445832e-7,0,0,1.82422341297705e-4,3.3601790304176e-4,0,0,1.98014971749588e-5,7.64593953656865e-4,5.72443343709e-5,0,0,0,8.2587742534551e-6,0.006500737218308015,0,1.74979558889496e-5,0,0.001245146541283275,9.89840699218295e-6,0,5.8392686683802e-7,0,0,0,0,0,0,0,0,0,0,0,0,0,7.89417762020865e-4,9.59427980218475e-8,0,7.7871711465308e-6,3.17201893776274e-5,0,0,4.61248624183516e-5,0,0,0,0,0,0,8.58368670223515e-6,0,3.05712092290549e-5,0,6.2892145319203e-8,4.879118820062055e-7,0,0,0,0,8.8343403904385e-5,0,0,0,1.180355294181357e-5,0,0,0,0,0,0,0,0,0,0,0,0,0,0,0,0,0,0,0,0
CM,0.00401878241324655,0.0113383052313988,0,0.0257128154773705,0.00137681929639537,0.00937788520933683,0.00303277832840364,0.0101906756810133,0.0103173127398064,0.00261639273116141,9.1182731512094e-4,3.1831209084278e-4,0.00239856465398578,0.00187292435089129,1.9088038939087e-4,7.5002439633699e-4,0,0,0,4.7880193468318e-4,0,0,0,0,0.00164805012439139,0.0288530490347787,0,0,0,0,0,0,0,0,0,0,0,0,0,0,0,0,2.7263225234266e-4,0,0,0,0,0,0,0,1.66982757424633e-5,0,0,0,0,0,0,0,0,0,0,0,0,0,0,1.9559401060259e-4,0,0,0,0.00209160871136177,9.00619571045751e-5,0,5.5509723238759e-4,0.010750464477719,4.99553135156212e-6,0,0.434567105115541,0.0327954393640621,5.6650907955965e-4,0.00598005711716705,0,0,0,0,0,3.41462496705437e-5,0,0.00142590268135114,8.6465628860445e-6,0,0.00542268014781259,0,0.00579627627662409,2.50328436598766e-5,0,0,0,1.8595473156388e-4,0,0.0192636550475824,0.0105438638449232,0,0,1.96863042517187e-6,0,0,0,0,0,0,0,0,0,7.18239809671425e-6,0,0,4.2060302187189e-4,0.00614331290250004,0,7.796562826914e-4,0.00132059811403815,0,0.0017950527476807,0.0266973217531538,0.0023681570487118,2.77360202957609e-5,8.60865726854743e-5,0,4.98602151720688e-5,7.47691956299354e-6,0.00267730797883231,0.00799729923664148,0.0110939746461552,7.944710504699e-4,0,0,0.016691909783367,0,0,0,0,0,0,7.76833137256754e-7,0,0,0,0,0,0,0,0,0,0,0,0,0,0,0,0,0,0,0,0,0,0,0,0,0,0,0,0,0,1.47217378829015e-6,0,0,0,1.3918242937715e-4,0,0,6.15712120760542e-9,0,5.56687990263464e-8,0,4.55082329843266e-5,5.22677716273061e-5,0,0,0,0,0,0,0,0,0,0,0,0,0,0,0,0,0,0,0,0,0,0,0,0,0,0,0,0,0,0,0,0,4.94599485968887e-8,0,0,0,0,0,0,0,0,0,0,0,0,0,0,0,0,0,0,0,0,0,0,0,0,0,0,0,0,0,0,0,0,0,0,0,0,0,0,0,0,0,0,0,0,0,0,0,0,0,0,0,0,0,0,0,0,0,0,0,0,0,0,0,0,0,0,0,0,0,0,0,0,0,0,0,0,0,0,0,0,0,0,0,0,0,0,0,0,0,0,0,0,0,0,0
IAD,0,0.0305074872253997,0.00624819418498673,0.00709436753100948,0,0,0,0,0,0,0,0,0,0,0,0,0,0,0,0,0,0,0,0,0,0,0,0,0,1.3878321844439e-4,0,0,0,0,0,0,0,0,0,0,0,0,0,0,0,0,0,0,0,0,1.74406392461995e-5,0,0,0,0,0,0,0,0,0,0,0,0,0,0,8.42338675511932e-5,0,0,0,0,0,0,0,0.00630579382288991,0.00160040744265422,0,0.678097440621895,0.0215105785115912,1.0634441857824e-4,0,0,0,0,0,0,0,0,1.933953386679e-4,9.73907262283283e-6,0,7.1663951680756e-4,0,0,0,0,0,0,5.7490005661583e-4,0,0.0290585664161363,0.00281403146494812,1.3469994132904e-4,0,0,0,0,0,0,0,1.72450228972391e-8,0,0,0,0,0,0,0.0297993998085205,0.0375511461182052,0,0.00235980697531864,0.013468969533571,0.00238826390643938,0,0.0350494537706272,0,0,1.67473150399705e-5,0,1.2930463523402e-4,0,0,0.00517465542616164,0.01411847115175,0.00942720541013663,0,0,0.0486614414389413,0,0,0,0,0,9.7083064443816e-8,0,0,0,0,0,0,0,0,0,0,2.14192772645802e-11,0,0,0,0,0,0,0,0,0,0,0,0,0,0,0,0,1.270004529107e-4,0,0,0,0,0,0,0,0,0,0,0,0,0,0,0,0,0,0,0,0,0,0,0,0,0,0,0,0,0,0,0,0,0,0,0,0,0,0,0,0,0,0,0,0,0,0,0,3.82416644395137e-5,0,0,0,0,0,0,0,0,0,0,0,0,0,0,2.51042323151304e-5,0,0,0,0,0,0,0,0,0,0,0,0,0,0,0,0,0,0,3.40922439208825e-5,0,0,0,0,0,0,0,0,0,0,0,0,0,0,0,0,0,0,0,0,0,0,0,0,0,0,0,0,0,0,0,0,0,0,0,0,0,0,0,0,0,0,0,0,0,0,0,6.7406001026588e-4,9.3741353291018e-4,0,0,0,0.00532694808268699,0,0,0.00208434167562498,0,0,0,0,3.3203851641008e-7
IMD,0.002601281345877915,0.001411437105875185,3.9067988719158e-4,0.0091228842900811,6.8631628927752e-4,0.0019995180651956,0.001032342255808765,6.803224204762e-4,0.031919158488251,0.00505617082428475,0.00713255753795745,0.004326375660249685,0.00147510609746534,3.48218590606735e-4,3.5606169077215e-4,3.9556818374287e-4,1.85004251333485e-4,0,2.39701688416322e-6,6.44399239924455e-6,0,0,0,0,9.63817578199875e-4,0.0050639942106854,0,0,0,0,0,0,0,0,0,1.1699031668529e-4,0,0,0,0,0,0,1.661621420764435e-5,0,0,0,0,0,0.00133755088476524,7.609158939256e-5,1.7583820495699e-4,0,5.94762619865025e-4,8.68342031463575e-6,0,0,0,0,0,0,0.00283524576386926,0,0,0,0,0,0,9.071423745809e-5,0,0.001930097083083555,0.00214054532069613,0.00137273724031417,0.003631468776833245,0.0203932884119121,0.0030777537850641247,3.11297575121012e-5,0.09130295341135168,0.0972182846211775,0.00679756123077057,0.014379567852645752,0,5.696286046195e-5,2.693541523741575e-6,0,4.1370567434803e-6,7.4171371886407e-4,3.856088829110805e-5,0.012390745443623594,0.0018505571984909,0,0.00278434462086445,7.0996968977835e-5,0.01866433076702375,1.3066836206732e-4,0,4.686684608337965e-6,4.65431872464714e-5,0.00213987094346895,0,0.0015842481744913401,0.00509964873185733,0,0,3.02177256595287e-6,1.4518819304719e-4,0,5.2272768958683e-7,1.088936974369305e-5,3.8824481107161e-4,1.17095935805392e-7,0,0,0,3.20310551824e-5,0,0,4.83399203326239e-6,0.003279225329640225,0,4.3913278762404e-4,7.718561664740469e-4,0,0.017991977715534815,0.05284970568844405,0.002109611318586235,2.2139432613276e-4,0.02629265268766332,4.707364546482673e-4,1.9302066004878e-4,3.713922749027735e-5,2.5936611861706e-4,0.004182953083772345,0.0014562107261747552,5.3473034747105e-5,4.57616548726675e-4,0,0.009447843804117364,0,0,0,0,0,7.1960274599483e-4,0,0,8.5807528200882e-6,0,1.154836927520525e-5,6.18090404592515e-6,0,0,0,2.835737161342385e-6,1.3227426235776172e-4,1.24925482645889e-5,2.67687651744254e-6,0,4.47965797043003e-6,0,0,6.881407139469e-6,8.88723342179445e-7,0,0,4.826481870833105e-6,4.05368528011122e-5,0,0,0,0,0,1.056356110402475e-5,0,2.61624173835444e-6,8.4019117225901e-6,1.908623423536975e-5,0,0.0022188994527123952,3.1052573710464997e-4,7.7752866916225e-7,8.967325692675046e-5,0,1.08722624604308e-5,0,1.765581119325325e-5,0.001058840587775416,1.38943321216215e-4,0,0,0,0,0,0,0,0,1.224152502533495e-6,0,0,2.984568457425745e-5,4.936805624782245e-5,6.18712013035385e-6,1.6037512168052e-5,0,0,1.218228064924625e-6,0,1.241890724947865e-5,0,0,0,0,0,0,0,0,0,0,0,3.178494446688765e-5,1.067633840070705e-5,0,0,0,0,0,0,0,0,0,0,0,0,0,0,0,0,0,0,0,0,0,0,0,0,0,0,0,0,1.58080005170307e-6,0,0,0,0,0,0,0,0,0,0,0,0,0,0,0,0,0,0,0,0,0,0,0,0,0,0,0,0,0,0,0,0,0,0,0,0,0,0,0,0,0,0,0,0,0,0,0,0,0,0,0,0,0,0,0,0,0,0,0,0,0,0,0,0,0
LD,0,0.00685603599265079,0.0108002284183919,0,0,0,0,0,0,0,0,0,0,6.03203614617038e-5,3.12975806678461e-5,1.2443790878164e-4,0,0,0.00804273016441108,0.00802733646201918,6.037346255139e-4,2.95998366231857e-5,0,0,0.00430920153705141,0.00445086114234882,7.87068163282505e-5,1.3032745536016e-5,0.00104462136797034,4.3960627483143e-4,0,4.1370453862798e-4,0,0.0061436573880328,0.00326686173698757,5.3577872709047e-4,0.0490907873528315,0.0936369718379829,0.0926149261173641,0,0,0,0,0,0,0,0,0,0,0,4.99033305439598e-6,0,0,0,0,0,4.0147619000829e-5,0,0,0,8.5147870916691e-4,0.00393907274640116,0.00387585895557072,0.0622158581570953,0.0453880106838826,0.00719482313988993,6.52757664295024e-5,0,0.00393293433446544,0,3.2945925043851e-5,0,1.9481271639407e-4,0,0,0,0.102084075362639,0,0,0,0,0,0,0,0,0,0,3.06286048557e-4,0,0,0,0,0,0,0,0,0,2.039277728778e-4,0,0.00224115253275927,0,0.00431627951694527,0,5.33832951600065e-6,0,0,0,0,0,0,0,0,0.0036042865908011,8.087651746572e-4,0,0,0.00697293916798761,1.48760616047097e-6,0,0,0,0.077807620868328,0,0,0,0,1.17177020654052e-6,0,0,0,0,0,0,0.00149763660744699,0,0,0.0310552685293351,0,0,2.03324791973136e-5,0,0,0,0,0,0,0,0,0,0,0,2.13264507808153e-8,0,0,0,5.99146240011831e-9,0,0,5.27728147211594e-6,0,0,0,0,0,5.39106171567423e-8,0,0,0,0,0,0,0,0,0,0,0,0,0,0,0,0,0,2.90739917192076e-8,0,1.73210759261765e-6,0,2.39847174013784e-5,0,0,0,0,0,0,0,0,0,0,0,0,0,0,0,0,0,0,0,0,0,0,0,0,0,0,0,0,0,0,0,0,0,0,0,0,0,0,0,0,0,0,0,0,0,0,1.03946681995906e-8,0,0,0,0,0,0,0,0,0,0,0,0,0,0,0,0,0,0,0,0,0,0,0,0,0,0,0,0,0,0,0,0,0,0,0,0,0,0,0,0,0,0,0,0,0,0,0,0,0,0,0,1.14117938982555e-7,0,0,0,0,0,0,0,0,0,0,0,0,0,0,0,0,0,0,0,0,0,0,0,0,0,0,0,0
LGd,0,0,0,0,0,0,0,0,0,0,0,0,0,0.001792134832847765,3.3343340943892146e-5,1.64244103873245e-4,0.0021816078045447202,0.002648456750633185,1.1112118071628319e-4,0,0,0,0,0,0,0,0.011604237194564899,0.0154508668575127,0.399422546341036,0.0042740184182429655,0.00337571723801971,0.0040114814564772994,0.0142147875256883,0.006720488556781715,0.00131878809700164,0.00330154316702271,7.47604786912165e-4,6.086767688852e-6,9.1063216702266e-6,4.6931858460705e-4,3.153865471782015e-6,3.2838718488736505e-4,4.898948661205435e-5,0,0,0,0,0,0,0,1.471883430008945e-6,0,0,0,0,0,0,0,0,0,5.2662506413167e-4,0,0,0,0,0,0,0,5.369991838168386e-7,0,0,0,9.323039073757099e-4,0,0,0,0.0457070729545125,0,0,0,0,0,0,0,0,0,0,7.190526146315875e-5,0,0,0,0,0,0,0,0,0,1.511790652519335e-6,0,0,0,0.00113974677612537,0,0.00406269596439676,0,3.72012730885289e-5,0,0,0,0,0,0.0317104072538896,0.008084051554583974,9.9944940053748e-4,7.62295741480749e-6,2.60917944374196e-5,0,0,0,0,0,0.0037338011430129454,0,0,0,0,0,0,0,0,0,0,0,1.7660318054390474e-6,0,0,0.03561457468518945,2.3093077613893e-4,1.960560933045165e-6,0.0027574321117568197,4.325601368063215e-7,0,0,0,0,0,0,0,0,0,0,1.3675345517161977e-7,0,0,0,0,0,0,0,0,0,0,0,0,8.8943980736632e-10,0,0,0,0,0,0,0,0,0,0,0,0,0,0,0,0,0,0,0,0,0,6.04081870026659e-6,0,0,0,0,0,0,0,0,0,0,0,0,0,0,2.705039178777479e-5,0,0,0,0,4.21285175738025e-5,0,0,0,0,0,0,0,0,0,0,0,0,0,0,0,0,0,0,0,0,0,0,0,0,0,0,0,0,0,0,0,0,0,0,0,0,0,0,0,0,0,0,0,0,0,0,0,0,0,0,0,0,0,0,0,0,0,0,0,0,0,0,0,0,0,0,0,0,0,0,0,0,0,0,0,0,0,0,0,0,0,0,0,0,0,0,0,0,0,0,0,0,0,0,0,0,0,0,0,0,0,0,0,0,0,0,0
LGv,0,0,0,0,0,0,0,0,0,0,0,0,0,2.67903210192595e-5,8.22822118798061e-7,4.40119091476914e-6,0,0,0,0,0,0,0,0,0,0,0,0,0.00843790733468584,6.36562613379176e-5,0,6.25068443382795e-5,7.7342590699701e-5,1.3381176096092e-4,0,2.89906894856838e-5,1.349312716923e-4,1.50796972341035e-5,2.80522491896727e-5,0,0,0,5.63183927514723e-6,0,0,0,0,0,0,0,1.0353593962445e-4,0,0,0,4.5573211590334e-4,3.1568324547019e-4,0.00308145902735745,0,0,0,0,0,0,0,0,4.10849759015856e-5,0,0,0,0,0,0,0,0,1.3165466819449e-4,2.57726960638639e-5,6.8271913080519e-4,0,0,0,0,7.0587737535313e-5,1.73149400333904e-5,1.3946723822760699e-5,0,4.80403598855031e-6,0,1.289356880015e-4,8.55304508113146e-6,0,0,0,3.85877544583802e-5,1.88143702618777e-6,0,2.8259925194433e-4,0,0.00120722139620522,0,0.00101141516615878,8.4303594348956e-4,0.00284079628207599,4.20040273309495e-5,0.002789872371093,8.99455634655268e-5,0.00130207087057754,9.978725995716e-4,6.6356611552155e-4,0.00155321998319519,0.00147396406923168,0.00322295507060634,0.0566231823369037,0.0475245523866051,0.00180124793467306,0.00447310132074524,0.00231724419636155,0.00154700303496052,0.00146013392560894,2.7261991010563e-4,1.0950563644071e-4,9.1390702803609e-4,0.0234314713816432,1.8926035557844e-4,0.00273717029030633,3.6558883039587e-4,0.00160873932274686,0.00158443259532529,5.1628283537195e-4,0.00517231052570174,8.4057940175456e-4,5.1081088676471e-4,3.8406567273044e-4,1.9164708991786e-4,0.00586119718609323,0.00150454084937249,0.00256997859505947,0.0158772353223991,0.00498526834669501,0.00150678581110849,0.0191699027278662,0.00156288396042676,5.6559964742405e-4,0.00538698237476343,2.0926274906008e-4,2.57689234290145e-5,2.4880344162787e-4,2.12739096661541e-5,2.0171165664246e-4,2.95232803665364e-6,1.19503354923435e-6,5.05053068024787e-5,1.077827438159e-4,4.2800600522885e-4,1.60494568485265e-6,6.12494873927883e-5,1.18990640834236e-8,0,1.34374284982731e-6,2.27448811553687e-6,1.01789246513926e-5,5.9132340179775e-4,5.6244097076601e-4,0,7.56467172547619e-5,4.39365716006514e-5,0.00354704565588251,7.11973564765084e-5,8.71921234247024e-5,8.3341413626652e-4,6.36809619164794e-7,2.08242689919186e-6,6.2444868316256e-5,1.3936832079238e-4,1.56252022979674e-5,0.00157333038271114,2.7245088972852e-4,0.0084929756829504,0.00394048186482006,7.92930488851001e-5,3.5770726199782e-6,2.3385461024239e-4,9.8211138877072e-4,4.2016108033194e-4,0,2.3283107559157e-4,0.0224499990691066,1.19964253083215e-6,0.0210595165917345,3.0371526647187e-4,4.3680265712327e-4,5.0164253563841e-4,2.0040619275661e-4,8.01390955475392e-7,1.5867491166326e-4,4.2687964597408e-4,0.00110119584716193,2.9199833441026e-10,7.5286325808567e-4,0.02199632540937,0.0823874720879207,0.0548486275554525,0.0287431916351638,0.00271468782265208,0.00609360339730923,0.0127933109658922,0.00467704148293835,0.00876132198338014,0.00184208289065979,0.00115683311850902,1.49888928980408e-6,1.90515445741601e-5,9.2185855715025e-5,8.91775004579857e-6,5.83615046708024e-7,1.16434255060311e-6,6.81372913290737e-6,9.9235850688737e-4,1.1363568800598e-4,3.5934486089607e-4,3.6468076848061e-4,0.00442845110020486,8.13037739750789e-6,5.36021807156892e-5,2.38030054321904e-5,1.02299809182759e-5,1.5204858903259e-4,3.08624554887902e-5,3.34583729491769e-6,8.0217770711231e-4,3.04213233633751e-5,1.91882830287199e-6,5.7158848073388e-6,1.50709115243482e-5,0.00113690692645088,0.00124184860817314,0.00167320110038927,3.87869181679172e-6,9.57674513615212e-5,0.00203761092598344,2.28319858257013e-6,1.0357640810629e-4,7.62010425031177e-9,7.93073467231036e-6,0,8.50165530267757e-5,1.82814207884322e-6,4.2810043696115e-4,8.83959634545171e-5,0.00762400840287259,1.3956236495916e-6,2.59758513235507e-5,8.26102059677595e-5,3.48817191856313e-8,0,0,0,0,0,1.9066644845809e-4,1.69232520100632e-6,0,0,0,0,2.4770454715140497e-07,3.18152487675638e-5,0,0,0,2.817649353977e-4,0,6.87543938401904e-5,2.59861658094298e-6,0,1.84664303018956e-9,7.72602006652021e-7,2.295308311797e-4,0,0,0,0,0,3.00333300025712e-5,0,6.31245889089994e-6,8.75428002518903e-5,0,5.17762400550326e-5,0,4.08396802983169e-7,0,0,0,1.1385371136835e-4,0,7.77306126082704e-7,0,0,0,0,0,0,0,0,0,0,0,0,0,0,0,0,0,2.45256435097737e-8
LH,0,0,0,0,0,0,0,0,4.59167498869813e-5,0,1.2173580633268e-4,0,0,0,0,8.78707629666067e-5,0,0,0,0,0,0,0,0,0,0,0,0,0,0,0,0,0,0,0,0,0,0,0,0,0,0,0,0,0,0,0,0,0,0,4.9161649541606e-4,0,0,0,0,1.7257195789566e-4,0,0.00426122219148411,0,0,4.28539001460224e-5,0,0,0,0,1.7338175818108e-4,6.84247916013976e-5,0,0,0,0,0,0,4.87992245129829e-5,1.67600267568486e-5,1.12103613106888e-5,0.00180246827521093,0,8.88136367832218e-7,0.00189373096753947,0,0,1.4280133243169e-4,0,0,0,0,6.8232035257945e-5,2.27298331714436e-5,0,0,0,3.8422108707381e-4,0,0,0,0,8.245893911893e-4,0,5.86554171249119e-6,6.4562168864077e-4,0,0,5.66904466746558e-6,2.14565614117358e-5,4.89103577053921e-5,7.558021032959e-5,1.81591917930969e-5,2.3895516231324e-4,0,0,0,5.4696891044951e-4,3.0788074152759e-4,1.0988798025334e-4,0,4.668587986404e-4,4.108959881232e-4,0,1.30523057158301e-6,7.0213315605292e-4,0,3.7095060942086e-4,0.0679937742972564,1.0937510713122e-4,7.593243842899e-4,0.0108468165689283,0.00168098822533239,3.3378199041027e-4,2.290900095393e-4,5.48377904541848e-6,4.8323173380264e-4,1.6499221216909e-4,0.0126102142079306,0.0199895155976958,0,0,0,0,0,0,0.00806717391327674,0.070710943461706,8.95567336448283e-5,0,1.4455448954386e-4,0,0,0,9.02000689593549e-5,9.35508848176224e-5,4.76526067854193e-5,9.21180097628872e-5,2.88880381613635e-6,5.0277900586785e-4,3.14157455553147e-8,0,1.5395008595267e-4,6.8333674614534e-6,5.00057826653749e-6,1.38662864296799e-5,0,1.82211784624171e-6,0,3.2297386169362e-5,3.471319047066e-4,0,0,0.00104853755812502,2.49381530666053e-5,0,1.55154569870395e-5,1.6218580902687e-4,7.21514644706277e-5,4.39154278774564e-5,0,0.00215683762007541,8.5930277263404e-4,1.4088620520157e-4,1.99770741679742e-8,4.3754497518052e-6,0,1.04254559548259e-5,0,0,8.2365731782181e-4,1.78737818627917e-5,0,0,0,0,0,0,0,0,0.0224462394366256,0.00926839681019076,0,0.00461764287012301,0,0.0103733566660625,0,0,3.74724671384189e-6,6.8242314712404e-4,0,0,0,8.8942364813746e-5,0,0,4.72240033626355e-8,0,8.875674626069e-6,1.68749405442904e-5,0.00106312702954925,0,0,2.34613843305336e-5,0,0,0.00807923020285977,0.0207180041428616,1.9055765228624e-4,5.4050863888286e-4,0.00136857084723703,0,0,0,0,0,2.587647880463e-4,2.3707700524673e-4,0.00835554128753004,0,0,1.18866791040106e-5,0,0,0,0,0,0,0,0.0228741236016314,0,1.9786570377248e-4,0.00263116989755541,2.8231322621548e-4,0.00162921427781583,0,2.4244913329144e-4,1.87883888795155e-5,0,0,0,0,0,0,0,0,0,0,0,0,0,0,0,0,0,0,0,0,0,0,0,0,0,0,0,0,0,0,0,9.62343171369023e-6,0,0,0,0,0,0,0,0,0,0,0,0,0,0,0,0,0,0,0,0,0,0,0,0,0,0,0,0,0
LP,0,0.00499183457689419,0.00240776825664307,0,0,0,0,0,0,0,0,0,8.47088236717026e-5,0.018044312146164,2.0999551235376e-4,0.002497240985733105,0.012142491066192349,0.012762984082434734,0.002279993039810175,8.83416709649045e-4,3.70418034915635e-4,3.0495441152811e-4,0,0,9.52274649856445e-4,0.00330902296432492,0.019961189978387,0.029063060805758,0.0733015678036221,0.006297804843519154,0.0196225773318266,0.019345045351213,0.01642723050100205,0.0170357946917918,0.011738802876512536,0.01457726761329375,0.0252208218717258,0.01007730087072649,0.0026235110898247,0.0106202158242595,0.003768019168296995,0.006463328312040519,0.00351576379173448,0,0,0,0,0,0,0,2.950304564217985e-5,0,0,0,0,0,0,0,0,0,9.0120783497361e-4,2.3650843983938499e-4,5.2360530791635e-5,1.526636753607194e-4,0,2.067241983933695e-5,0,0,1.4085874259974e-4,0,0,0,0.0020742226593103,8.34974798100542e-5,2.751835369895205e-6,0,0.10087704715158866,0,0,0,0,0,1.361187671588925e-9,0,0,0,0,2.3056191287771e-4,3.044867257621225e-6,0,2.6062857452620997e-4,0,0,0,0,0,0,4.65968801456454e-7,0,8.94306513649865e-5,1.49928036475022e-8,0.0037190244390097197,0,0.008571022088697946,0,2.0718265686247499e-4,1.1726969656855615e-6,0,0,4.6461246330359505e-7,7.7436567960715e-5,0.00154020056924251,0.02103804250326015,0.004184200530121345,2.1410852188934e-4,2.179096072173363e-4,0,2.040214984097e-5,0,0,0,0.003306031185160035,0,3.2584074149647023e-6,0,1.0942386298441543e-7,1.48575473581128e-7,0,1.93538133191528e-8,0,0,0,0,1.41586381770115e-4,5.704771773935076e-5,3.6622223126502552e-6,0.022656580176725852,4.026088335446525e-5,2.7222240129047145e-8,0.001768498359833275,7.490001893588435e-6,0,1.8457372836340995e-6,0,0,7.9600650937687e-8,0,0,0,0,0,8.215994572197596e-7,0,0,0,3.113842226282515e-9,0,0,0,0,0,0,0,0,7.36806301851281e-7,0,0,0,0,0,0,0,0,0,0,0,0,0,0,0,0,0,1.813307389329891e-8,0,9.2570505460739e-7,3.68238712683353e-5,9.737152051106835e-6,0,0,1.55618461595848e-7,0,0,0,0,0,0,0,1.270564132936045e-9,0,1.96602346375464e-5,0,4.689727352416585e-5,0,0,7.17993506156365e-7,0,1.3198074956514999e-5,0,0,0,0,0,0,0,0,0,0,0,1.73936208062618e-7,0,0,0,0,0,0,0,0,0,0,0,0,0,0,0,0,0,0,0,0,0,0,0,0,0,0,0,0,0,3.867169659998995e-7,0,0,0,0,0,0,0,0,0,0,0,0,0,0,0,0,0,0,0,0,0,0,0,0,0,0,0,0,0,0,0,0,0,0,0,0,0,0,0,0,0,0,0,0,8.70756987362048e-8,0,0,0,0,0,0,0,0,0,0,0,0,0,0,0,0,0,0,0,0
MD,0.003070860551893025,0.010218287810255501,0.00356838513725946,0.0374521265232556,0.005971129542789625,0.0111830757373495,0.01233498783235235,0.011904244567003,0.01355681860376105,0.008069191553283395,9.244052468578251e-4,8.1359343039991e-4,3.40250966121805e-4,6.719362863984351e-4,1.61787269699245e-4,0.00104254112292653,0,0,2.72879446432039e-5,1.122117156015849e-4,9.892925877414704e-6,0,0,0,0.00167412954556113,0.030198644661185353,1.661493855851485e-6,0,0,1.114448599737704e-5,0,5.60370092879347e-5,0,2.962130586789965e-5,0,0,7.707967389344305e-5,2.1026221839424498e-4,4.2175763692498e-4,0,0,0,1.614927743740915e-5,0,0,1.061235562458445e-5,0,2.65627911244625e-4,4.6836295582251e-4,1.773096659685225e-5,7.44811079523387e-5,1.00055112247416e-5,0,3.229234890944195e-6,0,0,0,0,0,0,0.00117168700997362,0,0,0,0,5.58168885006111e-5,6.2988193820439e-8,0,0,0.004508484984008455,6.2224110134832e-4,9.655902234888405e-5,5.594707481291949e-4,0.0030341596602268548,3.3779065218227e-4,5.07821403200656e-6,0.23996923068863651,0.03797236395954605,9.50545725341295e-4,0.0037478935892288,0,1.29714065038005e-4,2.0512570944537202e-5,0,8.306360028588837e-9,2.7887040976466997e-4,0,8.15513101912705e-4,3.96256899983482e-5,0,0.00454376586483808,3.276833960627248e-6,0.008278832868391116,6.414470469786774e-5,0,6.87180254220171e-6,0,0.0017251260957070551,0,0.00783777475358626,0.003669984159782085,1.18633903232515e-4,0,2.8406292038012647e-5,1.8929561724025149e-6,0,2.7965268061708697e-6,6.680248505430425e-8,4.947498378291305e-5,0,0,0,8.194429895498895e-5,1.6748512261770498e-4,1.129178620576614e-8,0,0.00245728468326409,0.006923489181981515,1.8194327303712e-4,4.864373988618715e-5,0.001553749464743015,9.8151156966566e-5,0.001176580429756825,0.02667063199505575,3.9459317032055003e-4,1.30399952088085e-4,0.00214786542800566,1.9427914634751e-4,1.7326434468028e-4,4.97239703958271e-6,1.85572463740975e-4,0.00148863649664529,0.00273487740762663,0.0019472054292972098,3.81667946828695e-4,0,0.01967944923615735,0,0,0,0,1.8772780833802e-4,0.002048616769132715,5.39388277365632e-8,0,8.82777386539543e-7,0,0,0,0,0,3.76966188480596e-6,0,5.802744125887907e-10,3.0362076057480853e-6,1.733648073412284e-9,0,1.448943621438605e-6,1.0034672684817e-6,0,0,0,0,0,1.14165410268297e-5,0,0,0,0,0,0,0,2.780636899904675e-8,4.783362454239685e-7,3.1752878670540297e-6,0,5.6768793176196147e-5,0.00100685480027571,1.1788853047132501e-4,0,3.72673875188076e-6,0,3.993902602431665e-7,0,1.252058488439875e-5,0.001062565571787595,1.909118848905895e-6,0,0,0,0,0,0,0,0,5.351767247305735e-5,1.0717529958089105e-5,0,3.24200284045331e-5,0,5.612504165904035e-5,5.08965881145075e-7,0,0,3.821361685962615e-6,0,0,0,0,0,0,0,0,0,0,5.399638470024825e-7,0,0,7.91123824075104e-7,2.28292213139823e-9,0,2.10549621329783e-5,5.189529140714674e-6,1.29403799744989e-6,6.283210686982245e-7,4.503829940328635e-6,0,0,0,0,0,0,0,9.514832771527444e-6,0,0,0,0,0,0,0,0,0,0,5.0110157264276894e-6,0,5.37073419039875e-9,5.84242872541935e-8,5.001008715382945e-6,3.373568503085515e-10,0,0,1.510988014196045e-11,0,0,0,0,0,0,0,0,0,0,0,0,0,0,0,0,0,0,0,0,0,0,0,0,0,0,0,0,0,0,0,0,0,0,0,0,0,0,0,0,2.857337574273345e-7,0,0,0,0,0,0,0,0,0,0,0,0,0,0,0,0,0,0,0,0
MG,0,0,0,0,0,0,0,0,0,0,0,0,0.00195045017626337,0.140799175604544,6.07056191898093e-5,0.0211019711403489,0,0,0,0,0,0,0,0,0,0,1.4703413457314e-4,8.95523831900257e-5,0.00288247346281053,1.4031167238286e-6,9.56635047019547e-5,0.00123350447727893,0,0,0,0,0,0,0,0.00600008896412255,0.149745157278408,0.00895442574711965,0.15428091566955,0,0,0,0,0,0,0,1.187865192058e-4,0,0,0,0,0,0,0,0,0,0,0,0,0,0,0,0,0,0,0,0,0,0.013677796423765501,0,0,0,0.12398411597051,0,0,0,0,0,0,0,0,5.21960525923262e-5,0,9.1691967532965e-4,0,0,0.0136865420844589,0,0,0,0,0,0,0,0,0,0,0.0113980870938347,0,0.00139033354452459,3.86428276340705e-8,0.00385701185282557,1.42349379551913e-5,1.76259312935924e-5,0,1.6506404447704e-4,0.0379709392925616,3.1278217021593e-4,0.0102021428262411,9.33608514858482e-5,2.32232174331085e-5,0.00755000816115779,0,0,0,0,0,0,0,0,0,0,0,0,0,0,0,0,0,2.35879866202613e-6,2.15689537830954e-7,0.0015118065653084,0.0251659272549992,7.34567838698112e-5,7.9229336281766e-4,0.00271981083527303,2.7100525750014e-4,0,0,0,0,0,0,0,0,0,0,0,0,0,0,0,0,0,2.10168470285996e-5,0,0,0,0,0,1.71026105874031e-5,0,0,0,0,0,0,0,0,0,0,0,0,0,0,0,0,0,9.63350217816148e-6,0,0,0.0169955680807657,0,0,0,6.415593315668e-5,0,0,0,0,0,0,0,0,0,0,0,6.3776817741471e-5,0,0,0,0,2.29586728450577e-5,0,0,0,0,0,0,0,0,0,4.98458148216058e-7,2.74935917443058e-6,0,0,0,0,0,0,0,0,0,0,0,0,0,0,0,0,0,0,0,0,0,0,0,0,0,0,0,0,0,0,0,0,0,0,0,0,0,0,0,0,0,0,0,0,0,0,0,0,0,0,0,0,0,0,0,0,0,0,0,0,0,0,0,0,0,0,0,0,0,0,0,0,0,0,0,0,0,0,0,0,0,0,0,0,0,0,0,0,0,0,0,0,0,0,0,0
MH,0,0.00111870392609363,0.001017633428082275,0,0,0,0,0,0,0,0,0,1.26680913095038e-5,3.22991862267205e-4,0.0011489068929104937,2.76693752594045e-4,0,0,0,1.4778635866304868e-4,0,0,0,0,0,0,0,0,0,0,0,0,3.962045342010015e-5,1.31354008377045e-4,0,0,8.5852919742761e-4,0.01526265736221791,0.002517748532779895,0,0,0,0,0,0,0,0,0,0.001001469838069645,0,2.9164139703451646e-4,7.1099239715338e-4,0,1.16178634168095e-4,0.06376374932511063,0.001204902267908675,0.01245392047206175,0.0062661338336234,5.865726474844e-4,0,1.8799049767899e-4,0,0,0,0,0.002622594954172545,2.2498030349728e-5,0,0,0,0,3.57022325836089e-5,0,0,4.82525157719733e-5,9.77177119295e-5,0,4.91741151998125e-4,0,0,0,8.585415222481e-5,2.54901657431676e-5,4.771238134900856e-4,0,0,4.168831627937175e-5,2.3366344647191066e-4,1.2888400175460229e-5,0,0,0,1.1512940812074e-4,0,3.10218499153725e-4,0.0019088938942247052,4.67364210834295e-5,1.9912140363888e-4,0,0,7.85313629333425e-6,0,0,0,3.432715942510012e-5,0,2.15096273319465e-4,5.90973310741085e-6,2.8761554024153273e-4,1.98723749912589e-6,0,0,4.35608085152265e-4,0,8.432613330008891e-5,0,0,5.9451856304945e-5,0,0,9.902028933593e-5,0,5.729790519370172e-4,0.0081745420838574,0,1.1845571570358e-4,0.012783010154296585,3.68117064874015e-4,1.2222682538198e-4,1.79723428442316e-5,3.78658031374042e-9,1.10336123421741e-5,0,0.00206534612275937,0.011941992986739845,1.83967424145819e-5,0,2.293433741196207e-5,3.18163623743585e-6,0,0,0.026034560781959648,0.07585988059665175,0,0,7.16375210762044e-6,0,0,0,7.3951117221956e-6,6.4466908808351e-6,4.33707633949711e-5,7.48262253411e-5,9.32394183224355e-8,5.7100823983355e-5,0,0,1.634177358098905e-5,4.032182181913965e-5,0,3.708275132472455e-5,0,0,2.37830041138036e-7,9.59588351288733e-5,1.32940206871869e-5,2.367551646317e-4,1.73358392027195e-4,0.00115862716146528,4.67950054133715e-5,2.860190941561829e-4,0,1.68053909841575e-4,1.24775410753505e-4,2.087504174642851e-4,0,0.00136071730259613,0.001345387608736665,2.3606101152864e-4,0,2.06892455361817e-5,8.9822236942535e-7,4.304376072711838e-6,0,9.688351451528801e-4,3.74480852861607e-5,0,0,0,0,0,0,0,1.1643584721609e-5,0,0.014663717507801051,0.00488257244602896,0,0.001762995588661165,0,0.00523237259662786,3.53332434247735e-5,0,0,1.72646863056545e-4,0,1.448287265091935e-6,0,5.7496306750645e-5,0,0,6.551605228795915e-6,1.97282334450292e-9,0,2.417312596465565e-5,2.71882032129215e-4,0,0,4.803176608200271e-5,7.228582905489e-5,1.88315868907393e-5,0.007138456206426766,0.1868870372626925,3.7845991976975996e-4,0.001530815329488315,2.4675318954245703e-4,0,0,2.121292278638135e-6,0,2.010499720809265e-7,9.923667635694e-5,3.63022358023103e-5,0.00142897094241343,0,0,1.062149104637875e-5,0,0,0,0,0,0,0,0.0113493013439658,0,5.77180521112e-5,6.1206043575084e-4,1.59474477944205e-4,3.9354057934438e-4,0,1.882423018808835e-6,0,0,0,0,0,0,0,0,0,0,0,0,0,0,0,0,0,0,0,0,0,0,0,0,0,0,0,0,0,0,0,0,0,0,0,0,0,0,0,0,0,0,0,0,0,0,0,0,0,0,0,0,0,0,0,0,0,0,0,0,0,0
PCN,0.00514024526015177,0.0108288246239784,4.7715322373389e-4,0.00531947889368227,0,0.00347120606434694,0,0,0.0097407498600748,0,7.53048567579558e-5,0.011885028070083,0.00344360704172755,7.29110112908132e-5,0,4.09442537480445e-5,0.0972389384640855,7.5689870736762e-4,0.00117057640082772,3.9439789019632e-4,0.0101346679003864,0.0027996137240262,0.025843058375584,0.16832647211866,0.206052136070427,0.133121634602644,0,7.0520194096825e-4,6.00764618819199e-5,2.11837507055001e-5,0,0,0,0.00510897542322986,5.4052111123605e-4,0,0,8.73965163193796e-5,0,0,0,0,0,0,0,0,0,0,0,0,1.23090611455602e-5,5.87543885623258e-5,0,0,0,0,0,0,0,0,0,0,0,0,0,0,0,0,0,9.45312826943651e-5,0,0,0,0,0,0,0.20201402771911,1.62505544825964e-5,0,0,0,0,7.72260460230365e-6,0,0,0,0,2.41047458352507e-6,0,0,0.00511964545773027,0,0,0,0,0,0,3.18191833713928e-5,0,0.0209582929161084,0.00156227414809937,0.0040031225990591,0,0.00982461340647233,4.08528255506091e-6,0,0,0,0,0,0,0,1.2186014008117e-4,0.0116140709250471,0,0,4.1986768190873e-4,5.72468614822645e-5,0,0,2.73655284418729e-5,2.8471770975694e-4,0,0.00979492384591613,0,0,1.7626276215063e-6,0,0,0,0,4.70298975285142e-5,0.00511091276121889,0.00514681629972,9.70593308125299e-5,0,0.016801231537001,8.05388188633617e-9,0,0,0,0,4.07672449295226e-5,0,0,2.46481506177025e-6,0,0,5.33955291698383e-5,0,0,3.18261817719655e-6,2.67432230108811e-5,0,0,1.67446167872612e-7,0,0,8.31748926231237e-6,0,0,0,0,0,3.22585340343524e-5,0,0,0,0,6.29524182719895e-8,0,0,0,0,0,0,1.04621267679299e-5,0,0,0,0,0,2.66675618381587e-7,0,1.11125008255915e-5,0,2.2922337070637e-4,0,0,0,0,0,0,0,0,2.22581427555306e-6,0,0,0,1.60102263526676e-5,9.24946849099465e-7,1.54109833635936e-6,0,1.89852544703855e-5,0,0,0,0,0,0,0,0,0,0,0,0,0,1.30223362512911e-7,1.06649621593754e-5,0,0,0,5.1433199940804e-5,1.21807408882954e-5,0,0,0,8.64913254630541e-6,1.17783567137226e-6,0,0,0,0,0,0,0,0,0,0,0,0,0,0,0,0,0,0,0,0,0,0,0,1.52595772693112e-5,0,8.24461516355938e-5,0,0,0,0,8.88521776957917e-7,0,0,0,7.05097576990794e-5,0,0,0,6.34123949085527e-8,0,0,0,0,0,0,0,0,0,0,0,0,0,0,0,0,1.09441236194756e-6,0,0,0,0,8.64967530034935e-7,0,0,0,1.01998302154007e-5,1.321611346565e-4,2.40127043611446e-6,0,0,0,0,0,0,0,0,0,0,0,0,0,0,0,0,0,7.43273548033389e-7
PF,8.1546326570007e-4,0.00490901727548123,7.6201270116407e-4,0.00498683927091719,6.06087167980209e-5,0.00192854163105535,3.0024692605201e-4,0.00194543661753495,0.00336121314891597,2.1471889013847e-4,1.8325267790486e-4,0.00182658593784637,0.0013088320495734,0.00353696464692005,4.05762243763255e-5,9.134804228635e-4,0.00389921016371799,8.326939480025e-4,2.0952144813278e-4,4.352258377601e-4,9.4189643064736e-4,1.8128510656881e-4,0,0.00109311660973485,0.0111887119348185,0.0225590305595161,9.83591046124393e-5,7.56617039757051e-5,1.6405135672766e-4,2.17064713418762e-5,1.95279965908026e-5,1.3029073030404e-4,1.320763486182e-4,4.1974666633013e-4,0.00177039286576047,6.42919326699912e-5,1.9944049805605e-4,9.4223495618648e-4,5.677845101402e-4,2.5154693951787e-4,1.9632026706001e-4,5.04859626100868e-5,7.2034233526457e-4,0,0,0,0,0,0,0,6.32677930619428e-5,0,0,0,7.2541311888087e-5,0,0,0,0,0,1.4406435003946e-4,3.27183803476067e-5,7.76769318696378e-5,0,0,1.7776648004828e-4,7.26657698374072e-7,0,5.86392020876866e-6,2.1549211354438e-4,1.4782318803345e-4,3.496641385601e-5,1.8447734715856e-4,1.0109486619963e-4,5.68573470592125e-5,0,0.558793035716947,0.00320649290109554,9.5979383975241e-4,8.934374774167e-4,0,0,4.42539377578221e-8,0,0,6.26284791096443e-5,0,8.2552690278485e-4,8.16955037925883e-6,0,0.0165594214149172,0.00202122924108077,0.00246506714056087,7.99398471120813e-7,0,0,0,2.7528584983139e-4,0,0.00867122554023471,0.00737803163670105,0.00350958782388687,2.7954883001654e-4,0.0151635960552507,0.00464503159633823,5.4903430734696e-4,4.6075881093032e-4,7.5832634694358e-4,8.4186417558654e-4,2.66186551043147e-6,4.25826901998278e-5,1.20944689838967e-5,0.00317581627290224,0.0166267105488775,3.9200319746236e-4,0,1.0087674593288e-4,5.99129789722629e-5,0,6.39651335651304e-6,2.80082597725662e-5,0.00100796635116164,3.7075683813504e-4,0.00924905140990106,4.3486218047769e-4,2.41217043207773e-5,1.4595434107861e-4,0,2.90999250458098e-5,2.35345333050089e-9,1.75170743183675e-5,8.1580805362116e-4,0.00279181088091624,0.00573565537233889,0.0103671124904463,5.42105787469714e-5,0.0115707235817219,2.47697127580177e-6,8.06822109453706e-8,1.6351191512098e-4,3.60679067272626e-6,0,8.9051337261692e-4,0,0,0,0,0,0,0,0,0,0,0,0,0,0,0,0,0,0,0,0,0,0,1.90593691475296e-6,0,0,4.68970637447894e-5,0,0,0,0,2.31092534802367e-6,1.00813130563347e-5,0,1.4128422945077e-4,4.4384419578552e-4,0,4.10797369586367e-6,1.4101677461186e-4,4.64758014975565e-7,9.08358742999596e-7,0.00108756039514047,1.3840493539031e-5,0.00611892182853172,0,0,0,5.37480725091237e-8,2.87403254838615e-6,0,1.05798428052059e-7,4.92334885614389e-6,0.00457881928296163,5.7990431722816e-4,0,2.5842410053327e-4,0.0149785184497342,5.2975778353853e-4,0.0091572557944438,0.0011820899101117,7.45027963174736e-7,5.46877087411502e-5,7.2244287433366e-4,0,6.04156021297623e-6,0,9.52868799941852e-5,0,1.27943223075119e-5,2.02291771168408e-5,5.95952390539146e-7,0,8.52641144285572e-7,3.27035356893947e-6,1.26547818753334e-7,4.54877175735255e-7,4.53403424660234e-5,2.4814096338935e-4,3.1974427743535e-4,0,1.2823285467434e-4,1.15636043253624e-5,0,6.03591003363143e-5,0,0,2.01643565962278e-5,0,0,3.71768037370694e-7,5.40872518719416e-7,2.33357094285724e-5,0,0,1.93749533878871e-7,0,8.88500708118234e-6,0,5.5730339243087e-7,0,0,0,2.1640133304927e-6,0,1.03015309934382e-5,5.76877238796892e-6,5.2918276979787e-4,5.78735866674554e-6,0,1.01483641817508e-6,0,0,0,0,0,0,0,0,0,0,0,0,0,0,0,0,0,0,0,7.75898790213962e-6,0,0,0,0,0,0,0,0,0,0,0,0,2.964711717063e-7,2.28289508720577e-8,0,0,0,0,0,0,0,3.12157756230327e-5,0,0,0,0,0,0,0,0,0,0,0,0,0,0,0,0,0,0,0,0
PIL,0,0,0,0,0,0,0,0,6.193420206693e-5,2.850538860927215e-5,0.00365692648675408,1.0503815533791804e-4,0.0232951162764298,0.0931282591586929,0.001330083196431945,0.0402829105480805,0.013977224432321151,0,5.44932847455975e-7,7.414331744310491e-5,8.384967875359574e-5,0,0,0,0,0,1.083369125147452e-4,3.28796696856715e-5,0,2.486205224938475e-5,1.71363354956955e-4,0.003537105943853755,0,0,0,0,0,0,0,0.004308256760588515,0.014065033310388646,0.00157857483118449,0.0313667713568015,0,0,0,0,0,0,1.49807342124255e-4,0.008244765682489014,0.00236319567220577,2.8298822961149005e-4,5.260497873999064e-5,0,0,0,0,0,0,4.6494588649495e-4,0,0,0,0,7.06703149624325e-6,3.622319917029138e-5,1.360916174114305e-5,0,6.3797359009014e-4,7.3334682682397e-4,5.0897924808016e-4,0.06502597304282325,0.007734887729617836,0.02658188899911665,0.001144896563081435,0.12655209191318506,1.365167787445045e-5,8.40161784357945e-4,2.691570454076745e-5,7.64308683288945e-7,3.079168287817242e-4,5.144354222073999e-4,0,0,0.0016090037639083102,4.42838853362565e-5,0.0407600835792446,0.00181207226462041,0.032840021562090746,0.0215903437968058,0.002464332691453165,0.013124889108674851,9.955148531355374e-5,0,2.24043201392055e-4,0,0.007480099749932255,8.5355149839866e-6,1.94622810171831e-5,8.3789538600194e-4,0.006966339848954875,0.001382995667741025,0.00362280597612026,0.00146844758759394,0.01285175411418382,0.00165519621125572,0.011326272602149625,0.001368790824326515,0.003721489786356255,0.01091006185182489,6.1778242760485e-5,0.00550197305400843,0.002001041533158125,0.010525136389103185,0.00358818190278482,0,1.484385899843095e-7,0,5.1185095080424e-9,8.09196044312185e-6,0,2.8254760807228997e-4,3.89174111417015e-4,4.50102289396406e-5,8.1477119295718e-4,3.82175638987095e-4,1.0172166141579098e-4,0.001190808931688185,3.83538671172205e-4,2.534977403217585e-5,1.1818710645061999e-4,1.142667588483915e-5,8.903655673287889e-5,0.001585906254533265,0.007032272831025629,0.01347959408326278,5.853905928898466e-5,1.95316536204745e-4,3.077315776529547e-4,9.17609843587377e-5,0,4.1387850228335065e-5,1.3753958442361085e-4,2.760671758773505e-5,8.062769771952518e-4,8.2127149460781e-6,1.783337450157915e-4,6.32225250244735e-4,2.186172588101585e-5,2.852095936516525e-5,2.9836417638167536e-5,0.0022733832164421853,1.26179763731792e-6,0.0021862117277578505,1.997838259014715e-11,1.2470466159975415e-4,5.513604363741086e-5,4.1514806692025803e-5,6.9763814352501055e-6,3.8806403942218495e-4,4.1783864270665604e-5,0,2.05440129248687e-5,4.490898678313473e-5,0.004021270667205642,3.74422448447877e-5,0,9.5985832235675e-5,1.6441987817082507e-5,5.83291913573295e-4,0.002464731998781858,3.15582553644335e-4,0.00119592307929618,0.00140838395890717,0.0173307096774334,0.0027207840374060648,0.013541768110793785,0.00130681206387427,1.50039377895835e-4,0.0025016171023551,0.00179347886306624,0.002116585191915515,0.001519239597265,0.00504099895324785,0.036615619218916054,0,0,0.004404020685962255,0.0010047956233251699,7.178227569159058e-4,1.057041978046786e-4,2.776568004947055e-6,0,0.002513889564866275,0.0015037978370006852,4.152849969035336e-7,7.5232942094663e-4,0.05000287566943265,0.006143046971026319,0.01440286829859069,0.002394548933057395,2.656452328494045e-6,2.2083756723745055e-5,2.02336054450625e-4,2.079737900311845e-6,6.34163504041772e-5,0.0035820583876704946,7.22506920641755e-4,0,8.919437609849989e-6,1.0198538347226515e-5,5.2337996896525e-8,4.0912572250494e-6,0,0,2.8744407397093e-4,1.303804343603165e-4,4.1432161361309e-4,0.001024975179044025,0.00521937033110168,2.60818886555297e-5,0,2.868766882214585e-5,8.952465785717065e-5,1.6045201588417e-4,3.006166900010275e-5,0,0.00108072268610105,3.249352811483075e-6,4.460058126605545e-6,8.200870654444361e-6,0,3.01539641588565e-4,0,4.99741974639475e-4,0,3.508294295753729e-5,2.3825919578176997e-4,0,1.4107205541566335e-5,5.43080886797775e-10,0,0,2.357094373900815e-5,0,1.064478277560051e-4,7.82575389009185e-7,0.002499454697406135,0,4.82356147868539e-6,3.879034982733225e-5,3.33328241091644e-8,0,0,0,0,0,0,0,0,0,0,0,0,0,0,0,0,1.04230364434581e-5,0,0,0,0,0,0,1.0888612351460116e-4,0,0,0,0,0,0,0,0,6.705184688249005e-6,0,6.1350137427982e-6,0,0,0,0,0,1.2851395288166045e-5,0,0,0,1.6266885195599e-4,0,0,0,0,0,0,0,0,0,0,0,0,0,0,0,0
PO,0,0.0021458059000003,0,0,0,0,0,0,3.7177135225393e-4,0,0,3.1485909057583e-4,0.0130515288553012,0.00916466441808761,1.6497109903624e-4,0.00168752297248972,0.113395815478138,0.0520017327873881,0.0131691590302071,0.0249006167941876,0.0915985201108147,0.0388431943911394,0.0168012810298899,0.0120483453363805,0.120345690895704,0.0570738684167751,0.00192799444880407,5.671967932316e-4,0.00372785990090817,5.18652846098133e-5,1.8950234727108e-4,3.37673926497469e-5,0.00135712986020693,0.0109557437519136,0.003984154191011,0.00170905837961538,0.00273277013897489,6.3780246276694e-4,0,0.00157968571466732,0,7.5175658449779e-5,0.00153474943078062,0,0,0,0,0,0,0,3.75657829365132e-6,0,0,0,0,0,0,0,0,0,1.1804686448422e-4,0,0,0,0,8.79916126567909e-6,0,0,0,0,0,0,5.6297431571601e-4,1.348803812652e-4,2.20677356723158e-5,0,0.106574593785636,0,0,0,0,0,0,0,0,1.59814745008107e-6,0,2.6344348945456e-5,0,0,0.00201243983142237,0,0,0,0,0,0,1.66031751394376e-7,0,1.3753051733824e-4,0,0.0131378041201576,0,0.0333887956340402,2.20025005829917e-6,5.3895678711023e-4,0,0,0,1.85411410028448e-9,0,0,0.00753242270461239,0.0456278911753401,8.17425605354301e-6,0,0,0,0,0,0,0.00160133744346994,0,0,0,0,0,0,0,0,0,0,2.43223866867567e-5,3.6535810368043e-4,1.974467878035e-4,2.63204702354103e-8,0.0224325670213615,6.84504156948305e-7,0,6.5345163916376e-5,1.48639732416772e-8,0,0,0,0,0,0,0,0,0,0,1.33777253035476e-6,0,0,0,0,0,0,0,0,0,0,0,0,3.8504969848148e-7,0,0,0,0,0,0,0,0,1.33793008920938e-7,0,0,1.36302155499943e-5,0,0,0,0,0,1.10870615039341e-7,0,0,0,7.80444519257466e-6,0,0,0,0,0,0,0,0,0,0,0,0,0,0,5.98084659973826e-5,0,0,0,0,0,0,0,0,0,0,0,0,0,0,0,1.01425047761076e-7,8.16466678046698e-8,0,0,0,0,7.07093977772763e-7,0,0,0,0,0,0,0,0,0,0,0,0,0,0,0,0,0,0,0,0,0,0,0,0,6.30602431804696e-6,0,0,0,0,0,0,0,0,0,0,0,0,0,0,0,0,0,0,0,0,0,0,0,0,0,0,0,0,0,0,0,0,0,0,0,4.80180942877195e-10,0,0,0,0,0,0,0,0,0,0,0,0,0,0,0,0,0,0,0,0,0,0,0,0,0,0,0,0,0
POL,6.63336115290468e-5,0.00807882578211273,0.0040314478029678,0.00320185975528323,2.26391424696594e-5,3.6919618297549e-4,0,0.00271998650718637,0.00227468307986755,8.608722662515e-4,0.00204775619038661,0.00232607031904018,0.0156071424553055,0.149426394725629,0.00336888467283169,0.0475225930741172,0.0453763248804972,0.025686921379775,0.011209625984733,0.00972518937472318,0.00658840469726903,0.00289421629922581,3.7245314231959e-4,1.0662429451416e-4,0.0105655302387694,0.0149993469215513,0.0126422273269188,0.0145313316699334,0.0208553848876417,0.00609211754673783,0.0114023460772903,0.0417958293052099,0.0109774882111773,0.0160421481715332,0.00890349127654646,0.00969351033202764,0.0138236052197023,0.0020735227326558,0,0.0348735768085525,0.0582711957392246,0.0246010527366659,0.0417767927791135,0,0,0,0,0,5.455270697707e-4,0,1.4015750459527e-4,1.0679835192844e-4,9.35682025589469e-6,6.03642743310711e-5,0,0,0,0,0,0,0.00290890396540738,6.8586182469128e-4,2.9965118045365e-4,0,0,8.37881562893062e-6,0,0,7.18351360872759e-5,0.00424160486239826,5.2580893750383e-4,1.7345258081e-4,0.0168349157817473,0.0128188131715988,8.5695861772857e-4,3.01757745730997e-6,0.0980803671090133,2.67463744185783e-5,4.39071155450358e-5,6.90907587801716e-5,9.02859240217106e-6,1.03016573945389e-5,8.34100823471406e-7,0,0,3.40528073913746e-5,0,0.00331117646437078,1.6098888034635e-4,4.7458619835184e-4,0.00480397361996913,0,7.5536668916995e-4,0,0,0,3.54531773355939e-5,4.15836490249977e-5,0,1.454315303597e-4,2.1534974537195e-4,0.00520058454256522,1.1224860238264e-4,0.0165309044194555,2.5200260282342e-4,0.00326753136353724,4.2251428015454e-4,3.8131794526619e-4,3.4603870175417e-4,1.0748335572805e-4,6.787223439222e-4,1.2270049946859e-4,0.0142822620905873,0.0131982156973378,0.00575610851455824,0.00364927559322753,1.37498543581828e-5,2.65579670757845e-5,0,9.12226377510087e-6,1.3559821625591e-4,0.00131123066031487,8.40547521894071e-5,8.9820483959285e-4,6.06829352789508e-5,2.9076649025486e-4,4.64691798101242e-5,2.47577458575069e-5,6.7547811060903e-4,1.4890129999013e-4,2.30313339205778e-5,6.5950465901473e-5,2.0423350344777e-4,0.00115355230693507,0.00213973727080705,3.4763915738529e-4,0.0173632449998548,1.8105901199098e-4,1.3701981635146e-4,0.00210669946242317,3.9666995279532e-4,0,2.6190528624242e-4,1.26840403544019e-5,1.88985870300721e-6,7.80180264978713e-6,0,1.43852361982155e-5,0,0,1.99666800924169e-6,3.39682948208879e-6,5.14274000393647e-5,3.05096958798583e-6,3.51402949496447e-5,1.45049692745478e-7,0,0,1.97366056865447e-5,0,0,2.82608472608936e-8,5.36535230612731e-7,8.68073585874383e-6,3.39278818218244e-6,2.3021338678299e-4,3.40143067317509e-6,1.0613887261514e-4,1.3020250569649e-5,0,0,0,6.51978561796284e-6,2.01864947305376e-6,1.6839481131022e-4,1.317492628791e-6,0.00194530685032282,4.8073884747261e-4,3.74872876433899e-5,3.88495158402665e-6,1.1551852410547e-4,2.1036075798324e-4,1.35735786815043e-5,0,9.82370136616208e-6,0.00836718706976363,0,3.9822747027569e-4,0,6.63569121334158e-5,4.84377723588969e-5,2.0377726285111e-5,4.59264897135538e-7,1.60122695430222e-6,1.2256135311949e-4,1.5474840396761e-4,0,1.2517846459611e-4,0.00454295352791619,0.00722092888686678,0.0074488043071553,0.0183548049020868,8.07960340916925e-5,3.5093341010789e-4,0.00114131595797716,1.497984272126e-4,0.0012485826690363,1.4040553653367e-4,4.854412204217e-4,0,1.0859626014092e-5,2.19589640419331e-5,1.70504004257931e-6,0,3.12100272658704e-10,0,9.9811705437254e-5,1.0919483402247e-4,2.09014121355633e-5,4.71890350289969e-5,1.3516816710072e-4,2.55833949545344e-6,0,3.93373781290612e-6,7.5697744421334e-6,5.51901615369273e-5,0,0,3.24833185315156e-5,0,2.02263435472259e-6,1.62251524351157e-7,0,5.2555662036267e-5,1.914255958918e-4,2.4695720630553e-4,0,4.30744652482765e-5,6.323806506791e-4,0,3.99272639846546e-5,2.98944442704088e-8,0,0,0,6.17948701204579e-8,3.94748266505626e-5,1.97749563600125e-6,8.1990680097349e-4,8.60226100787785e-8,1.71559789762953e-6,2.23222671795626e-5,0,0,0,0,0,0,6.97473653366989e-6,0,0,0,0,0,0,0,0,0,0,2.04415381457087e-5,0,1.9216659546782e-4,0,0,0,0,8.70388975999425e-5,0,0,0,0,0,0,0,0,1.98316775365494e-6,0,5.28377521042127e-6,0,0,0,0,0,6.34331538888501e-7,0,0,0,0,0,0,0,0,0,0,0,0,0,0,0,0,0,0,0,0
PT,0,4.54714273653535e-4,0.02348024113293085,0.01213782043250055,0.0332680846407495,0,0.0153643870184509,0.00274214020337057,1.45585375607975e-4,0.00209008404822703,0.0012635888440934002,0,1.889417956717365e-5,0.001066544542695275,1.9726455637498498e-4,0.00338047625479644,0,0,0,0,0,0,0,0,0,0,0,0,0,1.0189638878893575e-4,0,3.242121669450325e-6,0,0,0,0,4.23668585483435e-4,4.59352941870995e-4,0.0011626574722547502,0,0,0,7.47317772508445e-6,0,0,0.0050055297143650895,4.479527310389095e-5,0.003933081506344885,8.8387891048204e-4,1.8037578884818662e-4,0.0012810104249587149,0.003456791021966805,1.7445333737345998e-4,9.6809513790199e-4,0.00268964928267809,7.56853630530945e-6,0,0,0,0,0.01670499248280745,0.010431905790941274,1.7858259995006e-4,1.065556184341207e-4,1.4485293262462e-4,0.002482793086545615,0.0042709210797828995,0.00110855051531025,5.8234197635935997e-5,0.001904635472111295,0.0026960656930145504,0.00168416724446736,0.01121459470439554,0.02600191321901925,0.02571048840117475,0.005068644108214166,0.053810584392643496,0.135560457252013,0.001025409410842465,0.00955300460577458,3.2741943458885e-4,0.00978916446555711,0.0108592935680378,6.6174097481772e-4,1.1246756599470235e-5,0.00119850172138856,0,0.01449850528662655,0.00248313171142414,0.00890767159641107,1.1417535187273e-4,0,0.023061658210278398,3.1194317474044e-4,4.7269496311815496e-4,0.0018165330829014552,4.0306748972951997e-4,0.05164859521341835,2.12641702602974e-5,3.10626023410467e-6,1.172141186656015e-4,0,0,0,8.675579231653223e-7,0,9.88778823050599e-7,0,6.717346343640426e-5,1.0905442450652805e-6,0,0,0,0,0,0,7.5965074479057e-4,0.00934035726718728,2.4569745401013e-4,1.8042657902002e-4,0.0018776020254961199,4.37784355224068e-6,8.82677343772417e-5,0.003626907704127285,2.98844397524907e-5,8.501684329715201e-4,0.00978266151305146,0.01649279408191985,0.00438862975598273,1.04950653098955e-4,8.99689209081834e-5,5.92892679933825e-4,2.090241495516965e-6,7.6204375672414e-5,2.5984824317816382e-5,0,0.0083095958661485,1.071773266421052e-6,1.167764682450745e-7,2.94256954501255e-5,0,4.231353992749623e-5,1.070977553056408e-4,2.51375693233545e-4,5.7139864302797995e-6,1.0851940070521134e-4,2.891315108358545e-6,1.7549365487512048e-5,4.339947626788035e-6,8.7620862836647e-4,4.476181895944625e-5,4.0258016287612e-4,7.568213455921865e-5,1.8173928093896002e-4,0.0037459532158984855,2.1139558391926463e-7,2.607006621206115e-5,0.0031248592505169,7.90288000155065e-7,2.17482461899132e-6,2.291114075800265e-5,1.421713753058382e-5,0,4.357112458065972e-6,2.62062977702425e-4,0.00139940643106422,4.863318707444105e-6,0,2.8097162112077748e-5,3.308588909295165e-6,6.146792370324285e-5,2.4959761655487004e-4,4.484368169353375e-5,6.47706482310147e-5,4.79224825336015e-4,2.4127822404217998e-4,4.31685995755785e-4,0.0170869523945737,0.009190749077142724,3.06272983981919e-6,3.337188512038805e-5,7.3706819622903e-4,2.26740529946735e-4,0,0.0016095652499784601,0.01141193419494855,0,0,0,0,0,0,0,0,0,8.451756080157454e-6,0,3.9522787267425886e-7,0,0,9.26473321245876e-5,0,0,0,1.1035196320174876e-5,0,0,0,0,0,0,0,0,0,0,0,0,0,7.84585585420281e-7,0,1.550597535775335e-8,2.1098654058219596e-6,0,0,8.69236797579878e-7,3.175629577725069e-7,0,0,0,0,0,0,0,5.776269278609746e-7,0,0,0,0,0,0,0,0,0,0,0,0,0,0,8.55559260393835e-7,0,0,0,0,0,0,0,0,0,0,0,0,0,0,0,0,0,0,0,0,0,0,0,0,0,0,0,0,0,0,0,0,0,0,0,0,0,0,0,0,0,0,0,0,0,0,0,0,0,0,0,0,0,0,0,0,0,0,0,0,0,0,0,0,0
PVT,0,3.1882790780509503e-4,0.001144499231633705,0.0070573637694402,0.008911966965346494,4.9729620234145e-4,0.00407558154033332,8.61251660325395e-4,0.00244450906386403,0.002276915437743445,0.0050887250450114795,6.671986259096e-4,5.03912576050205e-4,0.0018822975665367852,1.8707592007665e-4,0.0038628041209474604,0,0,3.15641332151102e-5,2.7449941045980203e-5,9.6484942679003e-6,0,0,0,6.47642358714032e-5,9.0855475586415e-5,0,0,4.288126848794524e-5,3.4238481018042278e-6,0,3.2991385158284e-5,0,5.01215973817035e-6,1.254168186867558e-6,1.16296495522104e-5,3.7942467947973675e-5,1.091204644131555e-5,1.82298792373706e-6,0,0,0,9.781044408424099e-5,0,0,0.01354360727943365,0.00161384244805702,0.00128560095817912,0.002591633564564025,2.1541799165211e-4,0.0022488773010363103,7.7119433142043e-4,4.27971839423045e-4,5.50842257159335e-4,4.1049759166292e-4,0,0,0,0,0,0.0035534255511646402,2.61105734823445e-4,0,0,0,0.001835441589315525,0.0024969479828639953,0.00220050134381503,8.623814392904615e-7,0.004416678811031924,0.006944985959701791,0.00438214898194818,0.00374633478786259,0.0208759559582036,0.01784426679410795,0.002036078345455385,0.05557198848481115,0.115835742410371,0.003642368067225955,0.0174258918218244,8.51598402689012e-5,0.006065678588589865,0.0047394197236878995,8.86505310153714e-5,1.371307042438761e-6,0.00118469791925518,2.28006210619093e-6,0.0257180975467423,0.0028295983071608298,0.00754571839322345,0.0010126778998212,9.4483688275049e-6,0.0222834889014146,2.73237184840265e-4,1.646660206052489e-5,2.1032950931902498e-4,5.286653132555045e-5,0.03128251539871915,1.82312450677914e-5,3.92628760460645e-4,0.0018941787807283902,0,0,3.802767488018685e-11,4.557916650130575e-6,1.7857377374333803e-8,3.11521794932667e-5,8.438093353522505e-7,1.24854680833455e-4,0,0,0,2.915215117247335e-8,0,3.2870219032698704e-7,0,7.8303761942514e-5,0.0042678858575817755,1.722215901822135e-5,4.7799638278244e-4,0.001363675434266965,0,0.0013773808117364,0.00854276551571289,4.98635284052275e-4,0.001600061016760535,0.00455118855309696,0.00224974891064956,0.0028084167137274046,6.621546910006335e-5,2.80202022340605e-4,0.001739888291329255,6.98188979767875e-4,2.979422782124695e-5,6.246399230671065e-5,0,0.0060481996722447605,2.657150144042135e-7,0,0,0,1.54775831041855e-4,5.8380896024362e-4,8.201338016836025e-5,2.928378539707179e-5,7.13510590777555e-4,1.124307656392508e-4,8.9343909546629e-4,1.6185224160305574e-5,3.7093716529589e-4,1.9909246298287502e-4,4.25803148933105e-4,0.0049047237482254605,4.094377575305665e-5,0.00176133144694112,1.2607304232310689e-6,2.472521069419075e-6,0.0013209852015058001,3.01989187344146e-5,9.6220737553493e-4,0.00126707317896922,7.3947491023577e-4,9.10122430213328e-6,7.732989959372925e-5,1.9815154495846999e-4,0.0023857847067859997,5.19259727629002e-6,1.7168169643110495e-5,6.12464910133515e-7,6.997349611684639e-5,8.25034024937478e-5,0.0010482417309421,3.68812226877233e-5,1.0605384888894015e-4,6.58369335001255e-4,0.00104045198054449,0.0012155409977243352,0.008230470065208634,0.00295516004841925,4.28665680244954e-6,5.16781550517722e-5,2.1041409623684e-4,1.2817765774462904e-4,0,7.367704520432449e-4,0.007722238738110035,0,0,0,0,0,0,1.3922429626037e-7,2.29814521513108e-6,0,2.380770641694985e-5,1.1600482343997671e-6,0,5.919739881248515e-5,0,0.0014113555106307352,0,0,0,1.0431419724567044e-4,0,3.0240516718339074e-6,0,0,0,1.25354089077079e-10,1.668875612567e-6,0,0,0,2.169467910473085e-9,0,0,3.27910268962174e-7,2.740957089115755e-6,1.732991512740685e-7,1.2601461207410431e-5,0,1.0591818736592105e-7,2.94643694847062e-7,2.0642674607367e-5,0,0,0,0,2.133545660573765e-7,2.09199329254427e-9,0,1.5294763625778e-5,0,0,0,0,0,0,0,0,0,0,2.931532304831345e-6,0,2.386858872165135e-8,1.50495254387717e-8,1.716839506823343e-6,0,0,0,0,0,0,0,0,0,0,0,0,0,0,0,0,0,0,0,0,0,0,0,0,0,0,0,0,0,0,0,0,0,0,0,0,0,0,0,0,0,0,0,0,9.8844485631852e-9,0,0,0,0,0,0,0,0,0,0,0,0,0,0,0,0,0,0,0,0
RE,9.73023028531771e-6,0.0055596488738341,0.0203727446696135,0.0123065568971505,0.0145149173112516,0.00206146702397529,0.00948892561483971,0.0053345207569505,0.00201882694488773,0.0071863736232586,0.00398368151248242,2.3924233289597e-4,2.6647775749012e-4,0.00144082748012653,0.00373531160465383,0.0043069677231527,0,0,2.4158676865091e-4,2.0003311892525e-4,7.42822768686438e-5,0,0,0,6.8307988320183e-4,0.00351576570297228,2.10793295191046e-5,1.5094207476729e-4,0.00160265125900005,0.00139609562894906,3.03218386427561e-5,0.00179033367976683,1.33444633357918e-5,3.0265287456769e-4,5.0495129303045e-4,5.3197526440304e-4,0.00378698053404622,0.00392183689665792,0.0089535157803935991,0,3.66608591613083e-5,3.98405247695176e-6,1.0195732705036e-4,0,4.66553507513725e-7,0.0060147374610027,0.00466288952612854,0.00837709087708087,0.00870133280585247,1.9949204838253e-4,7.0239855848219e-4,0.00248278758607492,4.6882155880986e-4,0.00113811686530874,0.0176505489858145,9.14323083839206e-5,5.0222510261005e-4,0,3.96035159708061e-7,0.00108790879351611,0.0601785849534518,0.0365826064230155,0.00240031621596443,0.00528593765395935,0.00256042139314812,0.00852358861614624,0.0109523819744405,0.0034460134698302298,4.830823069243e-4,0.00380033985950164,0.0050760315906373,0.00159050965553572,0.0016305977535125,0.00622056633101918,0.00293698104452941,0.00108896188997924,0.0382494413635471,0.0167087292589687,0.0011430868844473,0.00234965189247352,1.53896420014e-4,0.0032787001180002,0.0024606564906388,3.2349527539077e-4,1.95627292799174e-5,6.2089236172721e-4,1.36659417463856e-5,0.00268988900812529,7.8155511228838e-4,0.0033080565614167,6.6257755017921e-4,0,0.00924177324803104,2.5303452083628e-4,3.3448360585266e-4,8.5882055252073e-4,9.54263112980915e-5,0.010654589134914,1.13351381516671e-5,9.1336859506142e-4,0.0038377411506003,1.0600262534913e-4,0,1.0567442722209e-4,1.79112673207417e-5,2.2336062582725e-6,3.95531364702375e-5,6.61704161913864e-6,1.5440523361112e-4,4.29438523107973e-7,0,0,4.92115160686955e-5,0,6.55091319281851e-6,0,8.01128724106756e-5,0.00288875799839761,5.51731909470846e-6,2.7382072362325e-4,6.0396360118169e-4,9.36229063024341e-5,4.3493624065193e-4,0.0032346884683874,0.00194268680554437,0.00428401612356722,0.00370812351127752,0.00408459634052773,0.0075738712031059,0.00166882365579512,5.2042309479069e-4,0.00104607555302997,1.1254502077657e-4,1.4494157246172e-4,1.3282221502411e-4,2.29515040107725e-6,0.0107479821347931,1.94285379682919e-5,2.03860428948241e-6,4.85956179604039e-5,1.1671699918091e-9,1.3535041053442e-4,2.9753749969773e-4,8.0949935207482e-5,2.18584989244063e-5,0.0014879141552216,9.25594724895784e-5,0.00100426886882959,1.012419492603e-4,2.3033450219749e-4,5.04597315763902e-5,2.9398917299499e-4,0.00128329134464706,6.95298898576086e-5,0.00127876506321063,1.12464312962923e-6,5.46576424204873e-6,5.2438920604744e-4,6.32249384798033e-5,2.8994898646002e-4,4.8002777186017e-4,1.0439848834217e-4,0,8.26426918921617e-5,1.1779331737772e-4,0.0013522727663699,0,1.0180597779235e-4,1.4304648311839e-4,3.21488598569472e-5,6.27102549495122e-5,0.00101325882599022,1.4522746932337e-4,3.5495894543332e-4,7.7477910087044e-4,2.8816275884186e-4,0.00166748214034908,0.0170609171791915,0.00183581084196624,2.85169887638562e-6,9.59180112118844e-5,5.4847124033992e-4,3.674278069986e-4,0,0.00123460717722276,0.0105413277253459,1.15873094105672e-5,0,0,0,0,0,2.03722552782662e-8,9.88079140128806e-7,0,5.38715573506772e-5,4.65776848604602e-7,5.49177870926591e-6,1.9385093171573e-4,5.62286320486491e-6,0.00179186398821995,1.78396336700008e-5,0,0,2.57993921991e-4,0,1.09881744528468e-5,0,3.16968690068101e-6,0,0,4.37220060581083e-6,0,0,0,0,2.54675378865208e-6,6.22418810337262e-10,3.98840934302721e-6,5.49943256412352e-6,1.10663323831421e-5,9.29916495298879e-7,0,1.436985639019e-6,2.47555873473954e-5,5.46986477815367e-6,0,0,6.06574073756569e-6,0,0,0,0,4.58735654941412e-5,0,5.09857052395603e-6,0,1.45030972277768e-7,6.6783777381585e-6,0,7.48994189646502e-7,0,0,0,0,0,2.77565969603708e-7,0,1.78916228253349e-5,3.51594410517384e-7,0,0,0,0,0,0,0,0,0,0,0,0,0,0,0,1.65139585283843e-6,0,0,0,0,0,0,0,0,0,0,0,0,0,0,0,0,5.12473159814193e-7,0,0,7.47275465131084e-6,0,0,0,0,0,0,0,6.63151947134738e-6,0,0,0,0,0,0,0,0,0,0,0,0,0,0,0,0,0,0,0,0
RT,0,0,0,0,0,0,0,0,0,0,0,0,0,0,8.537904305702366e-6,0,0,0,2.42201200538715e-4,4.7922855336078997e-4,2.6284985995735e-4,0,0,0,0,1.89806714689325e-5,0,0,0,0,0,0,0,0,0,0,0,0,0,0,0,0,0,0,0,0,0,0,0,0,1.72501188185678e-6,0,0,0,0,0,0,0,0,0,0,0,0,0,0,0,0,0,0,0,0,0,0,0,0,0,0.00870563889870126,0,7.80362008161055e-7,0,0,0,0,0,0,0,0,3.499849923896543e-5,0,0,9.73699909283145e-4,6.94862057618495e-4,0,0,0,0,0,2.177389113038908e-5,0,0.0536907583222185,0.014627214550056,0.02814906512537245,1.0865627871405016e-4,0.021092877542485948,5.8226092133662e-4,0.0011209128421603401,5.3059756399842454e-5,2.0074355841873999e-4,7.01889854608027e-5,1.591751865868995e-6,5.9978442365525e-5,0,0.0170326948365827,0.09401405740134094,4.9333922135033e-4,3.882603084512407e-5,0.00183575901160895,0.0013807362511235799,2.25437149516515e-4,5.502011861049885e-5,5.5382607496505e-4,0.01233010946412385,3.1420551196981996e-4,0.0235957722173928,0.00159932610815161,8.802520091197175e-5,5.510087440237165e-5,2.425053149666555e-6,2.7664438294059e-4,2.1271047003643098e-5,5.280244015718649e-4,0.00212731218044724,0.00881835299422027,0.01683176734323635,0.01412523633066922,2.204158699463151e-5,0.0336485237277547,3.27665305632287e-6,9.736464757671184e-7,2.0366344779706e-4,6.952611325434203e-7,0,5.23011607962785e-4,0,0,0,0,0,0,0,0,0,0,0,0,0,0,0,5.0842708428505e-7,0,0,0,0,0,1.910838461786295e-6,0,0,0,0,0,0,0,0,3.961799818771965e-8,1.999418095746615e-6,0,0,2.99144795264795e-4,0,1.82623207611715e-6,4.059864416477015e-5,0,9.0886358386908e-7,7.04508306502e-5,0,0.004922372677456139,2.02329334489376e-6,0,0,0,0,0,0,0,0,0,0,0,0.0016396120712365548,4.6413054852451497e-4,3.136457054166083e-5,8.6859519363887e-4,0,0,1.4857871529277001e-4,0,1.651980229303409e-6,0,0,0,0,0,0,0,0,0,0,2.08403311561639e-9,1.873899830301105e-7,0,4.984045934197015e-7,0,0,0,0,0,0,0,4.38708620216663e-6,0,0,0,0,0,0,0,0,2.14144724768407e-8,0,0,0,0,0,0,0,0,0,0,2.74827898897677e-6,0,0,0,0,0,0,0,0,0,0,0,0,0,0,0,0,0,0,0,0,0,0,0,0,0,0,0,0,0,0,0,0,0,0,0,3.5603601414076835e-8,1.297078479504745e-7,0,0,0,0,0,0,0,0,0,0,0,0,0,0,0,0,0,0,0,0,0,0,0,0,0,0,0,0
SGN,0,3.19368732221945e-5,0,0,0,0,0,0,2.78675674595505e-4,4.75726493722365e-4,0.001584848465570275,5.6348668206666e-4,0.00822017093218506,0.16532816046884902,7.8587074944983e-4,0.03430038672750405,0.02293263353026395,0.001312472048049185,0.00107149093187402,0.00206507052480838,0.001052111357686885,2.2409755494425e-4,0.00012199176584436001,6.575232849334e-5,5.090794732543841e-4,2.266409963232e-4,0.003050211008949825,0.00192650683103364,0.00281018582142985,4.4001947937668997e-4,0.005793442744636125,0.02184554915273395,2.9229899808642e-4,5.564641139947451e-4,1.3834835469712665e-4,8.3500207341735e-4,3.4155739796187996e-4,0,0,0.02366478877723685,0.1255407567073955,0.0492666206274961,0.09780268775535944,0,0,0,0,0,3.8664297173959e-4,6.478805327196e-5,2.9043401725094064e-4,1.4426154935518e-4,5.3297833355735e-5,3.5398779089457406e-5,5.2584217214247e-7,0,0,0,0,0,6.251987818107399e-4,3.658727508820595e-5,1.29740031699154e-6,0,0,1.749752082190597e-4,2.252015660989745e-5,3.48656885382838e-7,4.77566642447756e-7,0.001433232093789785,7.071078613824868e-4,1.08041154815825e-4,0.029714236915689952,0.00468670335238132,0.00138328623148838,5.052185534018e-5,0.1107375113051095,3.405921198610915e-5,5.58162092626157e-5,1.753705304010985e-5,0,0,1.301345893198185e-6,5.86404158774805e-7,0,1.8766334289343e-4,5.267032310396e-5,0.0033942146315882648,2.3386520185113052e-4,0.00234711265989438,0.01247463395201226,1.027218714407e-4,0.0019045395824132299,2.02186655797228e-5,0,2.698211210566215e-5,7.6635889823387e-7,4.158117426661615e-5,0,2.266261358253365e-5,8.7271975515165e-5,0.004728383002094175,6.679395391175199e-4,0.007000882108104536,4.03459004115125e-4,0.00924707861417551,3.4850895952325e-4,0.00114760708575758,1.792078667497131e-4,0.001016744679608715,0.02253602900742645,4.47783921317144e-4,0.013512840234614201,0.00538632688873646,0.004193629601672935,0.006218046504188935,0,0,0,2.258669303391075e-7,3.68740305036993e-7,1.839770757093502e-4,3.716529863439905e-5,6.83177357909628e-5,1.208443096853475e-5,9.942863267364089e-5,3.552155426544858e-5,6.92606528384925e-6,9.123652247604492e-5,2.01488624381946e-5,3.53312366117006e-6,3.228830365448655e-5,4.26834619885225e-6,3.90310004448116e-5,0.0017854388971105901,0.00305830210667299,0.017247034548687798,6.08633190376215e-4,4.8781198488053e-4,0.00428404587502414,4.3615155891393e-4,1.17225834867271e-6,4.66623655803215e-5,1.82646952070596e-6,1.53827062681111e-7,1.85607572362834e-6,0,1.44075343230758e-6,0,1.69678790699228e-7,0,6.60405731269285e-7,1.61245561800414e-5,5.727127524157475e-7,3.52118289438603e-6,0,0,0,4.632858845541065e-6,0,9.546275122154e-6,2.076079169438445e-5,3.8291074506328175e-6,0,4.524371851938599e-6,1.3143395850745483e-4,3.464228073016505e-6,0,0,0,0,3.42251621997809e-6,1.9177080460973e-6,7.12572390964946e-5,4.670702301287231e-5,5.493881370712417e-5,6.75476121089585e-4,2.71185857824205e-4,1.082714648363335e-5,1.258917340344185e-6,5.7628172086374946e-5,1.3228154698910282e-4,4.046720983861969e-5,3.31822418118393e-5,3.6112678577100254e-5,0.01688790156246825,4.59754289579328e-6,0.00216302167829673,0.001733440289791905,0.0013012159121836351,4.1726784219906e-4,6.205005472577319e-5,1.57009228817155e-7,0,1.3003380265713e-4,1.08836731983165e-4,1.989595761099615e-6,9.064341616542975e-5,0.008249442019402635,0.01311429500702833,0.010337197558309785,0.002401887698069945,9.93931218719105e-6,4.200775860757803e-4,1.8468346904297573e-4,5.0980986470489404e-5,4.1897386941285e-4,0.001205847215045145,3.17638549218345e-4,0,3.47620853808089e-6,3.640227015414086e-6,8.29098089821305e-9,2.5748565984380602e-8,0,1.01235747723338e-7,1.019790175755056e-4,3.4412816054664496e-4,4.046109681713425e-5,7.689865477349806e-5,7.87369031162095e-4,2.35741039724662e-6,0,4.264541761042855e-7,3.00088650530423e-6,8.0572437324123e-6,2.311888441947745e-5,0,7.117162843311096e-5,1.463538540558665e-6,1.048249625210096e-6,3.94308622074804e-9,1.089370369245655e-8,4.32895994088123e-5,8.478537935511845e-5,1.979872921628e-4,0,5.908560881972496e-6,3.201502573716484e-4,4.43137920071626e-8,2.030427017914355e-6,4.616214534410395e-8,0,0,1.748559764622615e-7,5.61976535351655e-7,5.2590688301397746e-5,1.7157626519613e-9,8.06874386037333e-4,0,1.15866774510224e-8,5.377517239861548e-7,0,0,0,0,0,0,1.342333392101115e-6,0,0,0,0,0,0,1.39805338067032e-7,0,0,0,7.45794014058605e-6,0,5.828090998089e-5,0,0,0,0,3.10772724311076e-5,0,0,0,0,0,0,0,0,3.941317992510395e-6,0,0,0,0,0,0,0,8.4498320719157e-6,0,2.05141852255774e-7,0,0,0,0,0,0,0,0,0,0,0,0,0,0,0,0,0,0
SMT,0.00783834698934067,0.0025564745010662497,3.20017950814555e-4,0.00704742662692949,0.001090156281697815,0.06890488179335144,0.001547643009176295,0.008409343344814945,0.0700977778275187,0.02173473163937345,0.016926592762419,0.0174349804112553,0.03417681683407285,0.003082304235316145,0.00616927508250033,0.009220963906208584,0.02109418756481082,0.005528704870759104,2.1408263670267e-4,5.4561438421686e-4,0.0023213692732812702,8.68466135623325e-4,0.004111104037079805,0.016315494455634676,0.0468379522933332,0.0607041857906722,2.264512423060942e-4,1.5473482454272805e-4,0.001045644999427115,7.893007539492975e-5,2.33526472679683e-5,2.51880424232685e-4,3.05253356802689e-4,3.27734160990895e-4,3.27632804555255e-4,2.2509022952276e-4,2.52614834414035e-4,3.69997228968925e-4,3.16552637622095e-4,2.625121782859017e-4,6.66981352904639e-5,5.074593121281e-5,3.2781919740315e-4,0,2.0874921545678885e-4,1.6537015323041948e-4,1.49892036324593e-4,0.0011835697538114848,0.00976940343193723,0,8.606960438090764e-5,1.099494301357742e-4,1.7535650207519516e-4,5.08386060488233e-5,6.959269036646e-4,8.27990696336255e-6,1.7962234189763e-5,0,0,0,0.00296065492845478,3.4721523351675346e-5,1.436847257008079e-5,0,0,1.218935763762145e-4,3.571960046074926e-5,2.0508644987036e-6,2.114556063830025e-5,0.005501940240571765,0.00341876693990037,3.2319875824163497e-4,5.53977026268655e-4,0.002658260896557575,3.9122865821291e-4,1.0070586693525066e-5,0.2203712843117275,0.0071084464467918145,0.0017317571106617198,7.681319757594049e-4,2.66769900023141e-7,2.711952055134135e-6,1.911363734954934e-6,4.362353245694855e-6,4.60054900739084e-7,2.0231812044559498e-4,1.428544393968635e-6,7.1160751231734e-4,1.3337616736786186e-4,0,0.010267408242799,2.5494131763097497e-4,0.00690172436252269,2.645912587835775e-5,0,1.001601625133025e-6,2.964844779087565e-5,2.85206903167108e-5,0,0.00781823568839014,0.01611819856729425,2.2672868542005555e-4,6.10351198491467e-6,6.7978642928838e-4,0.00407483867559579,1.4507308467912336e-5,3.6784052772959e-4,3.355498317604048e-5,5.3436909756725e-4,1.092551523684004e-6,0,0,1.511234377959195e-7,9.67188133719075e-4,1.6900584823341287e-6,0,1.73171662584655e-5,3.48444464855053e-5,4.042710671632445e-6,2.7788692235473803e-6,5.395442892761365e-6,0,0.00108534685668018,0.008964352905265975,0.00896345715780339,7.8962597141302e-4,1.2786346759941324e-4,7.52450450383575e-7,0.001788942155460575,5.5640849917895e-4,9.209449904930049e-4,0.00335011243605613,0.00387274749776809,4.3657432668102496e-4,5.81710649306015e-4,9.580937919657074e-6,0.01464546729327715,0,5.1787355089932e-7,0,0,7.5912739025825e-5,1.28495825748215e-4,3.10177073068775e-7,0,1.387032043999405e-6,0,5.0639945786143e-7,0,0,0,3.53021909303431e-7,0,1.89433452808065e-7,2.14471579680571e-6,2.545184701058046e-10,0,0,1.2867093928482115e-6,0,5.35806122039795e-7,1.084656289239365e-7,8.78693363967405e-8,0,2.568614329909e-6,6.8460111249245e-6,4.87884851920456e-6,5.04160402526985e-7,1.61500398065743e-6,2.385344479669361e-7,4.279752912293425e-6,0,3.08044626726515e-9,3.07847962266886e-6,3.2992584851669697e-05,3.15737859159398e-6,3.3362829497407e-4,6.9300152085107e-4,3.18671339198134e-5,9.5782407763986e-7,2.633478611197786e-6,3.544942515520885e-6,1.44413102643896e-8,2.46457761076197e-6,2.07457815531099e-5,0.00485821438613457,3.729527942867515e-7,8.75228551125275e-6,0,1.757831875585205e-9,0,0,0,0,1.58612595553921e-5,1.871920077069955e-6,5.46244698498435e-7,0,1.355549880285455e-5,1.199930359808498e-4,3.9282217576967136e-4,1.11553477995211e-5,1.216715188627135e-6,0,7.4664633499875e-6,1.6127859637070951e-6,9.34573797987062e-6,0,1.642156417742585e-6,0,1.98908078768694e-7,1.89845521187066e-6,0,0,0,0,4.01004302658938e-7,0,0,5.173017294010879e-6,2.013124120283755e-7,0,6.991432268339e-5,1.374924071832495e-7,3.72692513035776e-7,5.84381460348215e-6,0,0,3.17282631177376e-6,0,0,0,0,0,4.30687029861585e-5,0,0,5.15202286564725e-9,5.85450023101145e-6,0,0,0,0,0,0,0,0,0,3.171496226810326e-6,0,0,0,0,0,0,0,0,0,0,0,0,0,0,0,0,0,0,0,0,0,0,0,0,0,0,0,0,0,0,0,0,0,0,0,0,0,0,0,0,0,0,0,0,0,0,0,0,0,0,0,0,0,0,0,0,0,0,0,0,0,0,0,0,0
SPFm,0,1.0287132444448e-4,8.995102539162e-4,0,6.18503850601e-5,0,0,0,0,0,1.62123501967095e-4,0,3.6197862248345e-4,9.213914711478709e-4,8.807352584597025e-5,9.259845695405099e-4,0,0,0,0,0,0,0,0,0,0,0,0,0,5.27975078686655e-6,0,1.539354390267415e-5,0,0,0,0,1.32212647596985e-4,0,2.9586664892649e-4,0,6.255503739917e-5,0,2.28316730801425e-4,0,0,0,0,4.996440379386475e-5,0,0,2.2105595385095e-4,0,0,8.5441297938506e-7,2.51264987365958e-5,7.62780589999045e-6,0,0,0,0,1.905600821231375e-5,0,0,0,3.5295268498899e-5,2.9517661650544e-4,5.425408806374e-5,6.26987295452215e-6,0,3.62036884999133e-5,5.467385977615e-5,2.72444896262023e-5,5.704408726435043e-4,7.5031648059235e-5,7.1172600610804e-4,1.789282479803865e-5,0.001421626940540985,9.4192634531774e-4,2.2398550183662638e-4,0,9.509262059603e-5,0.0186047051988881,0.005462429915017312,9.9223090955422e-4,1.64528060851534e-5,4.63375667648953e-4,2.38940592642664e-5,0.00231818730016911,6.260258525362653e-5,8.08531407924485e-4,4.7622471402364e-4,9.7886487722261e-4,0.005082258182978885,1.33257655965105e-4,0.00208883988902909,0.0029095565707519407,3.9395272276526e-4,0.00741935947199513,1.637003017099465e-5,3.3197834450711004e-4,0.00544046502321875,0.00140824107385565,0.001344308171117825,2.5485766363268997e-4,0.00452030767957283,0.00651120563692145,0.004548174686688035,0.015591227426927298,0.008652763443585544,0.0038028952948130253,0.009614312034800059,6.42582758903835e-6,0.00323805155675369,3.0413782447180496e-4,0.008805465406289091,0.002973478121054195,0,1.0903252079234814e-4,0,1.6571977136328252e-5,3.51149539299338e-5,5.718964639802e-5,9.2899098844595e-4,0.001432550142505685,4.4916795000400997e-4,0.00390901439881557,0.005057980493906155,0.00112736309865871,0.008355198540292905,0.00158621914526978,3.3526800225928e-4,5.455903442893901e-4,3.0688198453373e-4,6.63036783516415e-4,0.0059446281551346,0.01811644721575585,0.001300304079020465,2.0935147999136914e-4,2.40845165402315e-4,0.002805780469267265,8.396455737376449e-5,6.1223758688155e-5,0.001670779599195225,2.92381257893405e-4,3.45203042888255e-4,0.002072939193198235,1.5695327702711675e-4,0.001516564164687775,1.428521304694e-4,9.87828700336584e-4,0.001320286748898801,3.556188390063098e-4,0.00504113918432445,1.980550208081315e-5,0.007494487932680275,2.819740134378815e-10,4.100469635054125e-5,8.74854655510085e-4,7.730343985462e-5,7.91278429130855e-5,0.0017857026315548402,5.81731322607e-4,0,2.21367781119505e-4,4.7570393480781e-4,0.0301160507507858,9.118441056821e-5,3.71324695379115e-4,0.0012032399072697108,7.573471835521914e-5,2.51119267124785e-4,0.0024242639559346447,0.001410068427264465,7.717696858815262e-4,0.005261704258288515,0.004057680270755615,0.0246122452035855,0.024331548723783715,0.005672612776879435,7.68856548446885e-5,0.001107599121746905,0.006640208836118985,0.00196041121350765,2.73355282846875e-4,0.005711295166030306,0.026832432634750547,4.273523024322885e-6,0.0082081915150133,0.04454220319244151,0.0045415813258190855,0.00195240223578014,3.081160537922858e-4,3.44805639469639e-5,3.90661974791601e-5,0.0016078411069823649,9.18356676182725e-4,3.855611737709745e-6,9.1570009835318e-4,0.111164596734157,0.07172713334228781,0.16854409815958,0.0069025224286510855,3.117236202019e-4,8.227890708602621e-4,0.00847910628562095,4.0209221788181e-4,0.00192142965210597,0.02345338251832355,0.001296786459749455,0,4.17229649265516e-5,5.32896093538902e-5,3.14147958192249e-6,2.4684678352384e-5,8.78936279704325e-6,4.15019563549643e-6,2.2492202821528e-4,4.84117151190345e-4,1.23094207059588e-4,0.001724904911761665,0.01138933347933796,1.064640943332e-4,0,1.5069708160687256e-4,1.18169992997475e-4,3.944120330032842e-4,0.005564000767118095,1.170868502469075e-5,0.004943649391453834,0.013951415716990285,5.8955009060464856e-5,7.65445497573124e-6,0,5.020089014036537e-4,2.0616654900916946e-4,0.005802270370324375,0,2.4964684396852003e-4,7.9819383912654e-4,4.5168361064864e-6,1.725610406402664e-4,5.8205227680712615e-8,2.769384088366865e-5,5.3098145151344e-10,9.4923779011385e-5,3.9831084535046124e-5,3.906670767503326e-4,2.320036497069835e-5,0.007846571684487314,5.855615323126e-5,6.8412297059412e-6,4.15902592590299e-5,0,0,0,0,0,0,3.5757708550893e-4,0,0,0,0,0,1.282270175811535e-7,1.1662140948158164e-4,0,1.806057730667385e-6,0,1.5918986166065324e-4,0,4.995272065627275e-5,1.908606463162565e-5,0,0,4.1961753122236246e-5,8.747770332457749e-4,0,0,0,0,5.36199225749125e-6,1.5810150633781e-4,0,0,4.050649799453562e-4,0,6.73443466760615e-6,0,8.534235788176119e-6,0,0,0,1.96827351452785e-4,0,0,0,4.66714486855575e-4,0,0,0,0,0,0,0,0,0,0,0,0,0,0,0,1.5566658446794795e-5
VAL,0.00164013907879536,0.0168724287673503,4.3579301951293e-4,0.00402103131036976,0,7.6687599960515e-4,0,0,4.3585788592567e-4,0,0,0,0,0,0,0,0.00422329606765761,0.0166929844206737,0.0277342655737762,0.0513979559111592,0.0220178915075585,0.00808038283543226,0,0,0.158207713571039,0.133748131464051,6.3773662362068e-4,0,8.7708338231598e-4,0,0,0,0.00254652336210789,0.0150546887458562,0.00167203631968352,3.2123179694322e-4,0.0094537764490092,0.0045485434608484,0.00148746153689307,0.00155389791312851,0,0,5.32797427508601e-5,0,0,0,0,0,0,0,0,0,0,0,0,0,0,0,0,0,0,0,0,0.00148528351695494,2.8881885264765e-4,1.76369775441538e-5,0,0,0,0,0,0,0,0,0,0,0.149774799376838,0,0,0,0,0,0,0,0,0,0,0,0,0,5.5173002500662e-4,0,0,0,0,0,0,4.8817100578115e-6,0,0.0338416100611271,0.0134946830030528,0.00799115887564213,0,0.00427502168172035,4.78898989083548e-5,4.98326345131961e-5,4.00595305832598e-6,0,5.92381542879159e-6,0,0,0,0.00537146287919055,0.0286544287029903,5.81084124509427e-5,4.07953251825161e-5,1.4599725421197e-4,2.8862436530209e-4,0,0,2.3984806162601e-5,0.00185384648715003,2.88271895685201e-5,0.0101418241124748,0.00143489774706888,5.24448696324464e-5,3.33545430460841e-5,0,2.8254244733586e-4,1.82083518660417e-5,1.5589567700171e-4,1.8092692137891e-4,0.0040887549748465,0.0124135331120666,0.00343868522569304,2.62896403145847e-6,0.025112568167985,3.55898461905923e-5,1.13130801320152e-5,0,0,0,5.4531159570402e-5,0,0,0,0,0,0,0,0,0,0,0,0,0,0,0,0,0,0,0,0,0,0,0,0,0,0,0,0,0,0,0,0,0,0,0,0,0,0,0,0,0,0,1.9530986488711e-4,0,0,0,0,0,0,0,0,0,0,0,0,1.81189314557658e-5,1.48662782393486e-7,0,6.79791919895147e-5,0,0,0,0,0,0,0,0,0,0,0,0,0,0,0,0,0,0,0,0,0,0,0,0,0,0,0,0,0,0,0,0,0,0,0,0,0,0,0,0,0,0,0,0,0,0,0,0,0,0,0,0,0,0,0,0,0,0,0,0,0,0,0,0,0,0,0,0,0,0,0,0,0,0,0,0,0,0,0,0,0,0,0,0,0,0,0,0,0,0,0,0,0,0,0,0,0,0,0,0,0,0,0,0,0,0,0,0,0,0,0,0
VM,0.012778033222037601,0.015536755904054799,8.1484428753346e-4,0.027984215561686402,0.001345877470926475,0.019352393016397802,0.00402262643056096,0.00592071933840998,0.0378134642134014,0.004068626558140555,4.62436416804325e-4,0.004488263949011715,0.00129491953136765,0.00186895963162271,8.125092782278721e-5,6.0743726476751e-4,0.0136147204675382,0.00189264403934487,9.862869715830899e-4,0.00280965429059374,0.00575407467993657,0.00147285944843996,0.0038782021374005847,0.010610308457941559,0.08012354732400576,0.14387847535821302,1.0008086810742934e-4,1.011330751150124e-4,1.17185872541335e-4,9.71811622505375e-5,7.351375595282765e-5,1.5474161432092498e-4,1.2439025431829499e-4,6.1524418492279e-4,1.47502027551122e-5,0,0.001329122980301905,7.327381855029851e-4,3.0659999538777997e-4,4.1622103257390997e-4,1.087123058747536e-4,8.596425175820335e-5,5.14210658146475e-4,0,4.4546285407744e-4,0,0,1.9511099668869e-4,4.549727737964705e-5,0,2.86853583788269e-5,0,0,0,0,0,0,0,0,0,1.1804994872566214e-4,0,0,0,0,1.0294607814409474e-5,3.688175191272405e-7,0,6.0302760091768454e-6,7.454280720355999e-4,1.0932568856445406e-4,0,1.441888437455755e-5,1.1489571190389e-4,1.0244964365917895e-5,0,0.140785530008358,2.36731424196535e-4,2.2917338199344253e-5,0,0,2.67019078496416e-6,2.276112165386245e-7,0,6.228955915389886e-8,2.453738202182885e-5,0,7.398404990764185e-5,2.3003594454912048e-6,0,0.010812396565505152,3.00408028396415e-4,6.33605519602045e-4,1.7473655329552444e-5,0,4.445987667141705e-5,0,3.39192326807261e-5,0,0.0131977637937558,0.02507045871651865,0.00325879513029142,1.0550952713934636e-4,0.001839172802752525,0.001868650132567845,1.0728706799756994e-4,2.44598826069105e-4,0.001083155919589885,2.7050130037938e-4,1.2085384887520831e-6,6.4953732170432e-6,1.58221843760675e-6,2.75076625122915e-4,7.79164356037595e-4,1.1360021199987391e-4,2.57716986800213e-6,6.351457036279221e-5,3.4982031921400945e-5,0,7.7087382070063e-6,6.000473849311195e-5,3.7608181854792e-4,1.8751336558606998e-4,0.00352923426224827,0.00498594276792655,6.0767046232435e-4,2.1304344600411e-4,0,2.7250742237584e-4,6.741128650397165e-5,2.238762172612e-4,6.3506422915165e-4,0.0017091654589777051,0.0016403834520475349,0.0013741942632287149,5.7979967016624e-6,0.02224798846275875,5.80356372412205e-6,1.54936239527862e-8,4.90026872416402e-5,1.780426229923485e-7,0,2.4607002890308e-4,1.041863206505215e-6,0,2.327610312826157e-6,5.60486718379945e-8,0,6.04694724727655e-6,0,1.57235332259041e-6,2.2648610496336055e-5,3.2460010458768e-4,2.9544385890847335e-7,1.86101995616836e-5,3.09229642775698e-7,0,0,0,0,0,1.2213332304225453e-6,0,3.10172136809856e-6,6.207057995471048e-5,1.381933885427585e-5,7.3052319808372e-7,2.99683286293023e-5,3.218507358359003e-5,1.4497478288575e-6,2.5671954832289175e-5,0,5.9950200577040396e-5,1.334257091435025e-5,1.12205899346255e-4,1.0072260782150629e-4,0.00734809538120362,0.00546101543560741,1.5647357030298e-4,7.585284536194975e-6,3.10352948115285e-4,5.5161022597735e-5,1.2371074975517702e-4,4.35960038587146e-5,3.88735129263305e-4,0.01807067311053375,1.635552382663205e-5,0,0,1.60957082188549e-7,6.05426754412025e-6,1.707687376828815e-8,2.261358137305535e-6,3.061509058140719e-6,9.9789497032925e-5,0.001277675335431695,3.307546979486185e-7,9.1544281206108e-4,0.023697376461383347,0.002425582422658521,0.0084808137324916,0.001006314405737875,0,0,0.00132079121313495,2.591359309244005e-6,4.84300448608709e-5,5.8568626153095e-5,0.00492539012834309,4.760840035633485e-7,6.413161272646225e-5,1.104515838339045e-4,3.241180637181325e-6,1.35892166085269e-6,5.046402978603115e-6,8.6211797870448e-6,2.7452024983949274e-6,3.340897007899545e-7,4.48362475277059e-5,3.122621372707e-4,0.001561184364259125,1.7083355167695004e-5,0,4.584931354588665e-5,2.716689766520625e-6,2.55206244859625e-5,0,5.668838199345344e-6,3.2932713592753e-4,0,1.5736123064764203e-5,3.922662207976155e-9,4.27475684192479e-8,2.5846449419695866e-4,1.087775174647385e-5,0.00257446464729045,6.20096700574515e-7,7.921363344143669e-5,0.002195028176997695,0,6.0849243666006154e-5,1.07766120165856e-8,1.53899608292918e-7,0,7.431422148583e-5,9.5006328643745e-7,1.9414062287001e-4,1.462881705705425e-5,0.013724662129179499,2.2228117629129e-5,8.16054304320839e-6,1.0222010403191945e-4,8.6161594787869e-8,0,0,0,0,0,4.182713106880818e-5,1.307227976935415e-6,0,0,0,0,1.984113540334385e-7,1.297952090079065e-6,5.41672825108385e-7,0,0,2.6066176983254496e-4,0,6.921236269213735e-5,1.3262599993292502e-4,0,5.429034317212508e-7,9.84180381230962e-5,4.4947130285759e-4,0,0,7.3823581642696895e-6,0,0,6.261569900040299e-5,0,7.77094464293803e-6,3.957198235925925e-5,0,3.67597603676174e-5,0,5.1035236241813e-7,0,0,0,3.0624374425822646e-5,0,1.24547721367861e-5,0,0,0,0,0,0,0,0,0,0,0,0,0,0,0,0,0,5.37440867019605e-8
VPL,0,1.6583628957787e-4,0,0,0,0,0,0,0,0,0,0,6.44444216662771e-5,2.4291194194005e-4,1.01890848471818e-5,3.70608926834469e-5,0.027069699564032,0.0345818786033754,0.0318643492631928,0.0399726279678312,0.0707619448002435,0.0408270499562328,0.024018365245125,0.00266565758523289,0.0285033989247847,0.00408073537873169,7.3964671292755e-4,0,3.3117692393924e-4,4.33584065806101e-6,1.6563357053606e-5,2.59996422100572e-5,6.1912707983793e-4,0.031557685611311,0.00530252236386867,2.2353473997501e-4,0.0109996236888501,3.0294359070489e-4,0,0.0022727933962536,0,2.45398365261108e-6,6.34154003288753e-5,0,0,0,0,0,0,0,0,0,0,0,0,0,0,0,0,0,6.86743096787127e-5,3.68674087233471e-5,0,0,0,2.28598212339401e-5,0,0,3.70505293629549e-7,0,0,0,5.27946767101647e-6,0,0,0,0.0695530034759414,0,0,0,0,0,0,0,0,0,0,0,0,0,0,0,0,0,0,0,0,0,0,7.3939660469941e-4,3.10409296636475e-5,0.0326496620672389,0,0.0517462536449315,0,2.07295425591625e-5,0,0,0,0,0,0.00118736521687502,0.00486754029866768,0.00978870542336747,0,0,0,0,0,0,0,0.0110151278244473,0,4.8474387786165e-6,0,0,1.83288436255407e-5,0,0,0,0,0,0,6.09764154477352e-5,1.09147382528294e-6,0,0.0328849271826629,1.64472975565289e-7,0,1.46569816530153e-5,0,0,0,0,0,2.26605000806006e-6,0,0,0,0,0,3.27813007982047e-5,0,5.99812007399241e-7,0,5.76832469517388e-6,0,0,5.92111014161538e-5,0,0,0,0,0,4.68361271728161e-6,0,0,0,0,4.14160817269237e-6,0,0,0,0,0,0,0,0,0,0,0,0,6.04520290483698e-6,0,0,0,7.92535159748091e-5,0,0,0,0,0,0,0,0,0,0,0,0,0,0,0,0,1.91768757265978e-5,1.88703821321955e-6,0,0,0,0,0,0,0,0,0,0,0,0,3.8135348830327e-9,0,0,0,0,0,3.22036489695017e-7,0,0,0,0,0,0,0,0,0,0,0,0,0,0,0,0,0,0,0,0,0,0,0,0,5.03132308055988e-8,0,0,0,8.26993232425628e-9,0,0,0,0,0,0,0,0,0,0,0,0,0,0,0,0,0,0,0,0,0,0,1.1152035836145e-4,0,0,0,0,0,0,0,0,0,0,0,0,0,0,0,0,0,1.27107447540845e-7,0,0,0,0,0,0,0,0,0,0,0,0,0,0,0,0,0,0,0,0
VPM,0,0,0,0,0,0,0,0,4.243135438156925e-6,0,0,5.1891521141825e-5,0.005652457700734996,4.574058235951119e-5,1.15673813880173e-6,2.6470496111411025e-5,0.140282448667729,0.0706395496711322,0.0020908477508056102,3.63407117384205e-4,0.0035811255051359002,0.00349076218791279,0.08652277833743854,0.06135698735655325,0.005808143826205505,4.9135405663441e-4,0,0,0,0,0,0,7.0620895073405e-5,8.443407862809801e-4,0,0,1.06598054276325e-4,3.759383592342775e-6,0,0,0,0,1.0647364591311436e-4,0,0,0,0,0,0,0,2.29605212912011e-7,0,0,0,0,0,0,0,0,0,0,0,0,0,0,0,0,0,0,0,0,0,0,0,0,0,0.11684091348657599,0,0,0,0,0,0,0,0,0,0,2.707378424120475e-6,0,0,0.007395269489865705,0,0,0,0,0,0,0,0,1.08468732311756e-7,0,0.020150581145725502,6.732411229169344e-4,0.0273708397711897,3.63308581920081e-6,1.46315661310545e-4,3.92865342581602e-8,1.8193109029321e-5,0,0,2.219753979129057e-5,0,0.001004062146748405,0.008109246218804551,3.26393299170748e-6,0,0,0,0,0,0,8.7499007591634e-4,0,0,0,0,6.8522295069246e-7,0,0,0,0,0,1.25673195759085e-7,7.769332481140404e-6,2.4393057840013298e-5,3.210137394893725e-7,0.03068031752533555,8.50898088900428e-7,0,0,0,0,0,0,0,0,0,0,0,0,0,0,0,0,0,0,0,0,1.26429335115759e-6,0,0,0,0,0,1.739668133476902e-6,0,0,0,0,0,0,0,0,1.6548567378154009e-9,0,0,0,0,0,0,0,0,5.06752643736135e-9,0,2.48342287586359e-6,2.45771347627325e-4,1.40221750756354e-6,0,0,0,1.076727751926755e-8,0,0,0,0,3.43497374429577e-5,0,1.73220250153615e-8,6.94984735123396e-5,0,0,1.063264599620175e-6,0,0,0,0,0,0,1.182386894591324e-5,0,0,0,0,0,0,0,0,0,4.273499424449385e-8,0,4.420266444400575e-7,0,0,0,0,0,0,0,0,0,0,0,0,0,0,0,0,0,2.26900018257512e-5,0,0,0,0,0,1.90261256847076e-6,0,0,0,2.69796784465077e-5,0,0,0,0,0,0,0,0,0,0,0,0,0,0,0,0,0,0,0,0,0,0,0,0,0,0,0,0,0,0,0,0,0,0,0,0,1.88340736734185e-8,0,0,0,0,0,0,0,9.858529973403576e-7,0,0,0,0,0,0,0,0,0,0,0,0,0,0,0,0,0,0,0,0
VPMpc,0.00255575223917321,2.02416232160455e-4,0,0.0013030829970397601,0,0.0019588305463265,0,9.02356212619e-5,0.08484431262309015,0.0024846819678174797,0.021461008353014448,0.0926563843309454,0.0204045452881409,0.001911382872822155,2.1784817108262211e-4,7.6226356233287e-4,0.034252333760059296,0,0,0,5.6998050458934e-4,0,3.7428213540133e-4,0.03435099823911468,0.0837420560256526,0.04834320238217305,3.58354770129571e-6,0,0,0,0,2.794804876689925e-6,0,0,0,0,0,5.312258241673e-5,0.00109811630403272,0,0,0,8.78206653955157e-5,0,0,0,3.4917824741785e-4,0,0,0,8.130096344769676e-5,2.722893822977655e-5,0,0,0,0,0,0,0,8.3902164294945e-5,0,0,0,0,0,4.502079053796655e-6,0,0,0,0.001439520955940955,0.001309655145119235,5.57029505716e-5,0.0013681259410139451,0.0011394745899305,4.9552441650562e-4,3.867666867912355e-6,0.21352870160794002,0.007723902805377385,0.0027126887375557,0.00157077102612497,1.21469283550777e-5,0.003040763805346795,3.57425829545705e-4,3.22524497146663e-5,3.855753730298266e-6,1.633879759228609e-4,0,0.01056810426727569,6.506002037974634e-5,0,0.02348317631760035,0.003334442401936935,0.003839651548915215,6.585347955728095e-5,1.77030304346695e-4,4.2666631107132e-4,0,3.3457998605521003e-4,0,0.009840115298134236,0.02476888770363015,0.003413861307595605,0.0026011131560529097,0.008427952489454646,0.0118947618329793,8.55513902569305e-4,0.00410066392985076,0.00420307310436401,0.004990949828721035,0.0014260861121655783,0.0010437492714421971,0,5.12267554909955e-4,0.0060523114431392504,5.185760933121199e-4,2.537830177653898e-4,0,1.276155455732973e-5,0,2.574469494549505e-6,3.5714208489447505e-5,6.7322475132727e-6,4.2091827593543503e-4,0.01775793373042535,0.001664669747195105,5.839787453937e-4,0.001116593993934275,1.1153777839034625e-4,0.0016053641516111201,2.7789952681133497e-4,1.7482598237117023e-4,9.686930476415501e-4,0.00492036828401894,0.00156285628691091,0.011408383075387454,0.003975776311810225,0.01706120732326585,1.62361464281797e-5,1.832626232685445e-5,1.1391423487782504e-4,2.724559983808565e-6,0,0.00104530408149139,8.45878411535896e-5,5.616399594370795e-5,8.610907930558506e-5,1.1362725310001e-5,7.82618543593021e-5,3.915495547168213e-5,1.66284121556238e-5,1.644771912839841e-4,9.962295056619359e-5,6.842483716070649e-4,2.15840692333753e-5,5.275390956441201e-4,3.341305042474225e-6,0,8.07328454178769e-5,3.312639313522625e-5,4.62910260126063e-5,3.2317181625581e-4,3.583957198640875e-5,0,1.4481688445835566e-5,7.219520559944996e-5,0.004289927757756825,5.72730254109345e-6,0,3.2535699453983e-4,1.3470558087494461e-5,1.717446704056325e-5,9.94136617500305e-5,1.2941444588736474e-4,9.526341885183715e-5,6.882429198356501e-4,2.9137529337092496e-4,0.011834166396151095,0.004518799508681815,8.46590079630605e-4,3.89405118505695e-5,2.7705552177956e-4,0.00133846810873146,1.85402550383745e-4,6.454537329362e-5,3.0500414296217e-4,0.014759673190256051,4.48897344060104e-5,0,0.004327768121955345,5.372508106934105e-4,2.3692074166499624e-4,1.1576936435721626e-4,2.69899421952654e-6,8.1935541071862e-7,1.71049614448245e-4,9.9234515931579e-4,3.628443412168075e-7,7.913678811224004e-5,0.01947849117796245,0.007346484600021065,0.0319722152123109,0.001404647540700355,1.857461761969715e-5,4.87819388626901e-5,0.0013217805868436,3.292963714530405e-5,1.4988467276418998e-4,0.001924835758899297,0.002343893802227025,2.0905432667080604e-4,4.499211314808755e-5,8.098791275425135e-5,7.97533056262827e-6,3.1620963113368e-5,2.299468096192594e-6,1.9645479609627077e-5,6.675243497690511e-5,4.188536643877315e-5,3.736398084631075e-5,9.921802108245429e-5,6.4728227534387e-4,4.1430460557065e-6,0,6.376239541848375e-5,2.649288614373497e-5,1.0318547376579695e-4,2.47133201816325e-4,0,2.93328198549415e-4,4.5742204965724996e-4,2.1248109273076306e-5,1.426624891938275e-7,7.07648018596405e-6,1.412430051995933e-4,1.042356000542125e-5,0.00155447898398086,5.52452943027425e-6,4.917895237498945e-5,5.299105012353209e-4,0,1.3412344865371335e-4,1.37906253500375e-9,0,0,8.84796084103112e-5,2.9783215712942564e-5,5.8999413518774204e-5,3.996289244966615e-5,0.00225170154262036,9.47156750898698e-6,2.1465704577632e-5,1.57223055586593e-5,3.21532865097313e-6,0,0,0,0,0,4.33558236869447e-5,2.4837181629650413e-5,0,0,0,3.175896100916215e-6,2.3240139060506147e-5,1.4488635579172e-4,7.288839722965e-10,0,3.47916876507293e-6,6.21049938553515e-4,7.5186707585802e-7,0,1.12339812895689e-4,0,3.6510738863877577e-6,1.0408470966908004e-4,1.4560762444917468e-4,3.444547445883385e-5,0,0,6.90518905895025e-6,5.614502598434134e-5,1.1886467617925254e-4,0,1.7373887261905074e-4,6.47848280495952e-5,0,3.3683034739563145e-4,0,1.449539041237667e-6,1.09759525003262e-8,0,0,4.2433604121835495e-5,0,5.493728817869317e-7,0,0,0,0,0,0,0,0,0,0,0,0,0,0,0,0,0,1.8242703000518228e-6
