Cre,Layer,image_series_id,specimen,target,hemisphere,flat_x,flat_y,injection_x,injection_y,injection_z,top_x,top_y
A93,L5,711357362,A930038C07Rik-Tg1-Cre-381248,ACAd,right,1074,731,1681.228931,5375.198286,6139.297932,568,513
A93,L5,742738607,A930038C07Rik-Tg1-Cre-390992,ACAd,right,1082,662,2020.858874,4786.380743,6215.479184,407,474
Ctgf,L6,736864334,Ctgf-T2A-dgCre-388637,ACAd,right,1059,709,1688.791989,5174.782188,6214.477677,569,498
Cux,L2,689174351,Cux2-IRES-Cre-378029,ACAd,right,1075,700,1731.081434,5069.684489,5976.060122,426,514
Pvalb,pan,722879836,Pvalb-IRES-Cre;Ai75-385368,ACAd,right,1047,685,1678.148077,4942.342636,6224.416951,568,480
Rbp,L5,730765491,Rbp4-Cre_KL100-388978,ACAd,right,1029,696,1469.912344,5005.655985,6128.298693,566,491
Rbp,L5,850919348,Rbp4-Cre_KL100-428628,ACAd,right,1056,647,1977.393718,4672.101776,6375.744132,569,445
SepW,L2,775181535,Sepw1-Cre_NP39-407881,ACAd,right,1057,702,1532.03399,5036.36755,5883.004404,569,490
SepW,L2,775195646,Sepw1-Cre_NP39-407883,ACAd,right,1093,664,2018.602255,4764.333303,5937.810888,424,469
Sst,pan,714547490,Sst-IRES-Cre;Ai148-380969,ACAd,right,1055,702,1613.950646,5073.384473,6123.363605,569,492
Syt6,L6,683076281,Syt6-Cre_KI148-375936,ACAd,right,1073,661,2032.180013,4812.167193,6341.13548,568,452
Syt6,L6,692168095,Syt6-Cre_KI148-375941,ACAd,right,1062,686,1862.990636,5016.689829,6327.21282,569,478
Syt6,L6,1153766255,Syt6-Cre_KI148-602825,ACAd,right,1054,617,1990.165907,4377.426096,6318.752353,569,419
Tlx,L5,1090967862,Tlx3-Cre_PL56-564648,ACAd,right,1029,670,1545.553446,4764.116901,6115.215446,565,467
Tlx,L5,1091745970,Tlx3-Cre_PL56-564650,ACAd,right,1053,670,1646.759204,4764.974398,6026.169913,569,464
Vip,pan,724640132,Vip-IRES-Cre;Sst-IRES-FlpO;Ai65-384120,ACAd,right,1084,655,1978.428229,4682.472311,6018.078757,419,459
Cux,L2,859013135,Cux2-IRES-Cre-435558,ACAv,right,1108,693,2074.854472,5067.282105,5990.640216,424,510
Cux,L2,901187872,Cux2-IRES-Cre-448392,ACAv,right,1135,695,2304.519004,5126.934541,5964.078324,422,504
Penk,L2/3/5/6,974247546,Penk-IRES2-Cre-neo-469246,ACAv,right,1174,536,3319.614031,4268.386441,6046.22014,411,334
Rbp,L5,857426105,Rbp4-Cre_KL100-433049,ACAv,right,1124,701,2233.027497,5186.104216,6143.088822,411,516
Rbp,L5,1037931590,Rbp4-Cre_KL100-501430,ACAv,right,1163,681,2597.441782,5053.66615,6118.046973,404,473
Rbp,L5,1029011901,Rbp4-Cre_KL100-490317,ACAv,right,1167,776,2212.358955,5857.711188,6019.033501,416,575
A93,L5,740284594,A930038C07Rik-Tg1-Cre-393194,PL,right,1129,443,3171.162762,3428.574168,6081.816118,416,340
A93,L5,750305447,A930038C07Rik-Tg1-Cre-395329,PL,right,1105,473,2949.601419,3465.137593,6222.888103,413,353
Ctgf,L6,786098453,Ctgf-T2A-dgCre-413086,PL,right,1128,469,3191.06639,3674.542154,6289.860145,403,348
Glt25d2,L5,719764429,Glt25d2-Cre_NF107-384655,PL,right,1128,409,3059.718681,3084.985643,6092.41917,419,333
Ntsr,L6,784151801,Ntsr1-Cre_GN220-413033,PL,right,1124,460,3112.559495,3516.696012,6162.681954,413,347
Pvalb,pan,704141620,Pvalb-IRES-Cre-380322,PL,right,1160,388,3250.590969,3115.841488,6158.488963,414,329
Rbp,L5,1050910928,Rbp4-Cre_KL100-528798,PL,right,1088,513,2841.333931,3781.472702,6594.336148,569,322
SepW,L2,778147776,Sepw1-Cre_NP39-407887,PL,right,1157,371,3161.248114,2859.61245,5913.05687,426,318
Sst,pan,680924722,Sst-IRES-Cre;Ai167-374577,PL,right,1149,441,3350.056967,3572.11625,6038.366513,413,328
Cux,L2,779835258,Cux2-IRES-Cre-410378,ILA,left,1155,416,3313.894304,3352.073161,5347.031484,480,312
A93,L5,1152797436,A930038C07Rik-Tg1-Cre-600765,ILA,right,1174,422,3682.295178,3859.470156,6204.72608,398,300
Ctgf,L6,710805745,Ctgf-T2A-dgCre-378887,ILA,right,1163,391,3448.645533,3526.616272,6505.711317,386,334
Ctgf,L6,1144762859,Ctgf-T2A-dgCre-595406,ILA,right,839,322,3912.903516,3871.516637,6286.598078,388,278
Cux,L2,1179644635,Cux2-IRES-Cre-620436,ILA,right,1173,461,3544.702855,3902.412572,6044.581979,409,310
Glt25d2,L5,718154932,Glt25d2-Cre_NF107-384656,ILA,right,1146,430,3296.412385,3436.211171,6056.715899,414,331
Rbp,L5,757336581,Rbp4-Cre_KL100-398597,ILA,right,1156,415,3318.741774,3358.252934,6087.005696,413,329
Rbp,L5,1145081396,Rbp4-Cre_KL100-596094,ILA,right,1174,392,3886.751639,3730.313273,6094.141954,400,273
Syt6,L6,1144904780,Syt6-Cre_KI148-595871,ILA,right,1172,399,3726.002462,3788.312503,6403.377705,385,305
Pvalb,pan,709227592,Pvalb-IRES-Cre-380321,ILA,right,1155,416,3331.092441,3444.301774,6276.156884,402,334
A93,L5,740282869,A930038C07Rik-Tg1-Cre-393191,ORBl,right,891,223,3033.144368,2674.585242,6855.395725,401,324
A93,L5,740283878,A930038C07Rik-Tg1-Cre-393192,ORBl,right,828,206,3299.932041,2620.537638,7181.134378,398,319
Ctgf,L6,1045070604,Ctgf-T2A-dgCre-509616,ORBl,right,686,136,4208.590928,3704.211252,7627.311444,220,375
Ctgf,L6,774778847,Ctgf-T2A-dgCre;Ai75-402891,ORBl,right,912,235,2959.814485,2662.246434,6766.988334,402,325
Ntng2,pan,1089199911,Esr2-IRES2-Cre-562135,ORBl,right,679,130,4485.159628,3604.316848,7583.95608,171,422
Gad2,pan,1042260777,Gad2-IRES-Cre-507012,ORBl,right,843,116,3769.050388,2973.381251,6910.846612,376,304
Glt25d2,L5,729497287,Glt25d2-Cre_NF107-387909,ORBl,right,856,194,3263.883374,2733.121538,7028.032824,397,324
Pvalb,pan,765333763,Pvalb-IRES-Cre-401202,ORBl,right,845,156,3591.574469,2739.185654,7027.619894,390,309
Rbp,L5,745628709,Rbp4-Cre_KL100-397025,ORBl,right,878,200,3166.817436,2776.261169,6908.777497,398,327
Rbp,L5,755440688,Rbp4-Cre_KL100-397026,ORBl,right,872,182,3312.134133,2706.220125,6907.040549,399,321
Rbp,L5,771162010,Rbp4-Cre_KL100-401266,ORBl,right,843,154,3599.890613,2794.578771,7033.224149,388,311
SepW,L2,792529394,Sepw1-Cre_NP39-416328,ORBl,right,820,118,3924.066578,2822.684393,7050.736139,370,288
Slc17a6,pan,1029404870,Slc17a6-IRES-Cre-490622,ORBl,right,829,110,3795.66949,3046.337836,6997.215334,371,305
Sst,pan,742982211,Sst-IRES-Cre-392283,ORBl,right,846,155,3637.640174,2670.574312,7004.255199,391,305
Sst,pan,727958410,Sst-IRES-Cre;Ai32-386127,ORBl,right,808,168,3651.412208,2661.19193,7239.975847,388,304
Syt6,L6,736441610,Syt6-Cre_KI148-389835,ORBl,right,838,157,3549.493318,2878.147457,7080.223265,387,317
Vip,pan,736451569,Vip-IRES-Cre;Ai32-389260,ORBl,right,821,118,3812.547706,2955.98721,7068.085574,372,301
Vip,pan,725283708,Vip-IRES-Cre;Sst-IRES-FlpO-386885,ORBl,right,849,149,3615.942639,2792.102576,6968.745564,388,310
Cux,L2,772588769,Cux2-IRES-Cre-403908,ORBm,right,1055,252,3807.97226,2972.711085,6163.823345,399,285
Rbp,L5,745627970,Rbp4-Cre_KL100-397024,ORBm,right,1079,273,3502.136143,2812.185117,6191.507437,409,308
Sst,pan,738715056,Sst-IRES-Cre-392282,ORBm,right,1108,310,3707.605271,3125.904482,6201.937502,399,298
Vip,pan,685677294,Vip-IRES-Cre-376826,ORBm,right,1089,289,3690.626482,3144.430036,6296.366342,394,302
Vip,pan,718153123,Vip-IRES-Cre-384792,ORBm,right,1164,367,3385.143611,2992.365524,5844.670948,425,314
Ctgf,L6,1004300606,Ctgf-T2A-dgCre-484373,ORBvl,right,880,178,3280.516664,2906.707015,6875.456249,396,331
Gad2,pan,1042261138,Gad2-IRES-Cre-507011,ORBvl,right,822,129,3915.933289,2723.410902,7055.709657,374,286
A93,L5,741949424,A930038C07Rik-Tg1-Cre-390995,AId,right,590,228,4242.314593,3330.506956,8028.414249,219,370
A93,L5,739653013,A930038C07Rik-Tg1-Cre-390996,AId,right,546,276,4323.940072,3686.906813,8335.195261,191,405
Cux,L2,772014571,Cux2-IRES-Cre-402632,AId,right,653,209,4092.837687,2739.791239,7794.781463,334,285
Glt25d2,L5,717571579,Glt25d2-Cre_NF107-384657,AId,right,554,288,4183.331485,3898.202194,8213.106757,213,389
Ntng2,pan,864753911,Ntng2-IRES2-Cre-449953,AId,right,551,266,4331.479152,3662.957727,8262.821908,190,405
Ntsr,L6,703586080,Ntsr1-Cre_GN220-381017,AId,right,528,266,4573.13034,3482.71034,8502.614627,154,443
Pvalb,pan,743574282,Pvalb-IRES-Cre-391894,AId,right,513,262,4667.408784,3678.977995,8455.866741,136,471
Pvalb,pan,743575020,Pvalb-IRES-Cre-391901,AId,right,450,306,4850.273257,4128.004142,8768.367701,111,519
Rbp,L5,729375285,Rbp4-Cre_KL100-388972,AId,right,564,241,4326.359583,3664.061525,8090.713366,192,402
SepW,L2,794935486,Sepw1-Cre_NP39-418044,AId,right,489,318,4600.56048,3625.174367,9076.459078,144,459
Sst,pan,713284359,Sst-IRES-Cre;Ai148-380970,AId,right,535,302,4248.0078,4044.382033,8296.006123,195,408
Sst,pan,690742326,Sst-IRES-Cre;Ai167-378089,AId,right,585,283,4021.291178,3591.681779,8208.906586,244,366
A93,L5,1045639814,A930038C07Rik-Tg1-Cre-509127,AIv,right,557,210,4613.184217,3548.130312,8142.897962,147,453
Glt25d2,L5,721427724,Glt25d2-Cre_NF107-384658,AIv,right,510,244,4826.895089,3497.214051,8469.462398,130,473
SepW,L2,795621235,Sepw1-Cre_NP39-418042,AIv,right,501,232,4993.358843,3370.863419,8484.786578,124,481
Vip,pan,687261394,Vip-IRES-Cre-376825,AIv,right,529,227,4774.543624,3341.350672,8332.436668,138,461
Vip,pan,724640881,Vip-IRES-Cre;Sst-IRES-FlpO;Ai65-384121,AIv,right,511,251,4740.475963,3634.425212,8422.863007,131,476
Ntng2,pan,863469869,Ntng2-IRES2-Cre-448819,AIp,right,276,486,4908.509541,5815.052275,9433.044106,95,565
Cux,L2,910314636,Cux2-IRES-Cre-450618,VISC,right,332,505,4545.377987,5440.242961,9993.518821,105,555
Nr5a,L4,1145143711,Nr5a1-Cre-596296,VISC,right,315,514,4592.827291,5620.981083,9926.902067,104,556
Cux,L2,847793841,Cux2-IRES-Cre-428496,TEa,left,420,990,2088.550011,8810.195344,1550.941051,136,888
Pvalb,pan,896793984,Pvalb-IRES-Cre-461446,TEa,left,357,994,2513.170706,9041.163069,1325.464199,111,912
Sst,pan,982656740,Sst-IRES-Cre-471642,TEa,left,396,962,2399.889578,8622.132796,1535.02742,115,871
Vip,pan,842304647,Vip-IRES-Cre-424987,TEa,left,404,999,2379.886133,8858.730889,1741.436148,132,900
Vip,pan,842785222,Vip-IRES-Cre-424988,TEa,left,450,968,1939.036827,8533.955477,1643.169615,142,858
Tlx,L5,1051416770,Tlx3-Cre_PL56-530604,TEa,right,406,993,2341.583434,8817.435499,9697.132233,130,894
Cux,L2,1221479843,Cux2-IRES-Cre-635105,TEa,right,350,1063,2734.199863,9404.763065,9580.532027,135,972
Ntsr,L6,1220534947,Ntsr1-Cre_GN220-635404,TEa,right,305,1033,3016.619823,9340.076541,9805.684914,109,962
A93,L5,929509746,A930038C07Rik-Tg1-Cre-457736,SSs,right,415,583,3715.385306,5724.09161,9488.348991,103,538
Ctgf,L6,1170703444,Ctgf-T2A-dgCre-616303,SSs,right,429,580,3635.576675,5630.355169,9483.965783,108,530
Cux,L2,663931515,Cux2-IRES-Cre-368289,SSs,right,478,674,2692.99019,5961.89308,9836.978535,123,585
Cux,L2,880128393,Cux2-IRES-Cre-441850,SSs,right,445,686,2975.481792,6264.954452,9733.329901,108,609
Cux,L2,898597998,Cux2-IRES-Cre-448394,SSs,right,390,581,3765.296353,5639.58993,9998.06108,96,548
Cux,L2,975257506,Cux2-IRES-Cre-466028,SSs,right,422,629,3460.63352,6001.178538,9531.936173,102,573
Cux,L2,975330988,Cux2-IRES-Cre-468405,SSs,right,424,665,3130.425926,6131.187093,9956.452259,101,600
Nr5a,L4,855327694,Nr5a1-Cre-431664,SSs,right,446,590,3381.373212,5513.855376,9742.861036,115,530
Nr5a,L4,859683936,Nr5a1-Cre-436751,SSs,right,427,631,3265.772633,5849.258371,9964.880596,104,572
Ntng2,pan,864752272,Ntng2-IRES2-Cre-448821,SSs,right,449,599,3519.832923,5766.738108,9261.702302,115,537
Ntsr,L6,851698951,Ntsr1-Cre_GN220-426298,SSs,right,444,533,3740.320274,5287.789563,9411.698147,123,490
Ntsr,L6,1155950344,Ntsr1-Cre_GN220-605761,SSs,right,425,592,3637.046885,5755.027326,9437.412153,106,541
Pvalb,pan,849598765,Pvalb-IRES-Cre-428669,SSs,right,481,576,3292.551065,5366.206885,9411.868298,133,507
Pvalb,pan,851697899,Pvalb-IRES-Cre-428673,SSs,right,468,539,3537.578396,5170.001899,9421.518507,134,484
Rbp,L5,777095354,Rbp4-Cre_KL100-405703,SSs,right,346,561,4187.607,5786.859888,9814.049919,90,556
Rbp,L5,878193492,Rbp4-Cre_KL100-441005,SSs,right,440,607,3434.814202,5754.666932,9528.160145,110,547
Rbp,L5,1001736326,Rbp4-Cre_KL100-483055,SSs,right,401,684,3411.357344,6553.176316,9461.200144,92,626
Rbp,L5,999266184,Rbp4-Cre_KL100-484542,SSs,right,430,714,3136.020722,6682.407183,9426.445311,100,638
Scnn1a-Tg3,L4,898596995,Scnn1a-Tg3-Cre-446030,SSs,right,469,563,3400.087757,5296.264324,9514.617143,130,501
Scnn1a-Tg3,L4,893401886,Scnn1a-Tg3-Cre-446032,SSs,right,389,531,4021.716089,5376.044483,9807.288718,106,512
Sim1,L5,852313818,Sim1-Cre_KJ18-427297,SSs,right,405,581,3696.896217,5634.139557,9794.758547,100,542
Sim1,L5,859016239,Sim1-Cre_KJ18-435200,SSs,right,446,563,3537.772206,5365.264511,9663.951871,118,511
Sst,pan,856547195,Sst-IRES-Cre;Ai32-434485,SSs,right,398,553,3923.212587,5595.321442,9505.630314,103,524
Vip,pan,878700844,Vip-IRES-Cre-440988,SSs,right,500,591,3137.659591,5417.605967,9311.445922,139,510
A93,L5,1172299672,A930038C07Rik-Tg1-Cre-618331,SSs,right,373,528,4188.778877,5568.323184,9511.175911,99,527
Rbp,L5,1152416283,Rbp4-Cre_KL100-600716,SSs,right,389,521,4104.700974,5425.997578,9551.475607,106,511
A93,L5,761810541,A930038C07Rik-Tg1-Cre-397217,SSp-bfd,right,656,838,1540.736514,6884.748253,8507.987603,254,670
A93,L5,762106846,A930038C07Rik-Tg1-Cre-397218,SSp-bfd,right,620,833,1694.746628,6941.928831,8731.231485,224,676
Ctgf,L6,791308022,Ctgf-T2A-dgCre-414889,SSp-bfd,right,547,833,2154.237032,7255.584728,8998.769897,172,699
Ctgf,L6,1052003970,Ctgf-T2A-dgCre-529256,SSp-bfd,right,659,835,1814.433547,6990.174929,8307.652739,255,666
Cux,L2,792528565,Cux2-IRES-Cre-415345,SSp-bfd,right,627,846,1470.123583,6963.314911,8799.85633,231,685
Cux,L2,835912961,Cux2-IRES-Cre-423046,SSp-bfd,right,624,853,1526.752245,7058.053643,8769.892571,230,692
Cux,L2,869457144,Cux2-IRES-Cre-438677,SSp-bfd,right,545,805,1716.659125,6797.575082,9571.658325,168,675
Cux,L2,973374672,Cux2-IRES-Cre-468409,SSp-bfd,right,542,819,1786.898166,6957.925192,9479.188562,167,689
Nr5a,L4,784153367,Nr5a1-Cre-412602,SSp-bfd,right,632,825,1466.495646,6751.121986,8812.577896,232,664
Nr5a,L4,783329142,Nr5a1-Cre-412603,SSp-bfd,right,668,837,1276.435051,6758.813917,8572.580239,263,666
Ntsr,L6,746148979,Ntsr1-Cre_GN220-395669,SSp-bfd,right,601,811,1996.902856,6909.029283,8739.386276,207,662
Ntsr,L6,1030878906,Ntsr1-Cre_GN220-492152,SSp-bfd,right,624,867,1692.65144,7255.459618,8596.170849,233,706
Pvalb,pan,782071957,Pvalb-IRES-Cre-408473,SSp-bfd,right,595,859,1626.137008,7193.847168,8937.447226,210,708
Pvalb,pan,783349499,Pvalb-IRES-Cre-408474,SSp-bfd,right,553,822,1922.644533,7019.00882,9219.912979,175,687
Rbp,L5,769753401,Rbp4-Cre_KL100-401254,SSp-bfd,right,495,743,2591.453271,6602.331462,9372.755827,132,637
Rbp,L5,775971931,Rbp4-Cre_KL100-404809,SSp-bfd,right,471,773,2642.079372,6985.022347,9417.029283,122,674
Rbp,L5,778982770,Rbp4-Cre_KL100-409316,SSp-bfd,right,567,829,1938.102465,7074.8832,9032.312766,185,689
Rbp,L5,779834509,Rbp4-Cre_KL100-409740,SSp-bfd,right,649,801,1745.686492,6621.126674,8541.256901,242,638
Rbp,L5,673386060,Rbp4-Cre_KL100;Ai75-369275,SSp-bfd,right,482,768,2678.942731,6936.124145,9275.605903,127,664
Scnn1a-Tg3,L4,768604556,Scnn1a-Tg3-Cre-400728,SSp-bfd,right,633,829,1540.672026,6823.230501,8744.352579,233,668
Scnn1a-Tg3,L4,769239521,Scnn1a-Tg3-Cre-402270,SSp-bfd,right,607,854,1515.089524,7092.800391,8926.917006,218,699
SepW,L2,794195334,Sepw1-Cre_NP39-418041,SSp-bfd,right,660,820,1276.559306,6607.781982,8703.012168,253,652
Sim1,L5,812973381,Sim1-Cre_KJ18-420618,SSp-bfd,right,588,813,1900.752013,6889.947022,8923.185334,197,667
Sim1,L5,812465492,Sim1-Cre_KJ18-420629,SSp-bfd,right,667,839,1535.691511,6879.850798,8412.476941,263,668
Sst,pan,765860010,Sst-IRES-Cre-401710,SSp-bfd,right,636,842,1541.708614,6942.135068,8678.853794,238,679
Sst,pan,769238612,Sst-IRES-Cre-403346,SSp-bfd,right,659,824,1529.306429,6733.854366,8547.27798,253,656
Tlx,L5,764382945,Tlx3-Cre_PL56-400032,SSp-bfd,right,651,840,1485.430058,6883.459962,8584.632188,250,673
Vip,pan,744938708,Vip-IRES-Cre-394821,SSp-bfd,right,660,764,1940.044631,6341.92185,8436.667945,246,602
Vip,pan,787085372,Vip-IRES-Cre-414301,SSp-bfd,right,632,875,1409.722402,7202.077941,8702.410141,241,710
Sst,pan,891635739,Sst-IRES-Cre-446223,SSp-tr,right,854,878,952.8666478,6778.270759,6975.974955,436,663
Cux,L2,664714336,Cux2-IRES-Cre-366536,SSp-ul,right,758,645,1770.662119,4985.556783,7998.040418,320,475
Cux,L2,663650295,Cux2-IRES-Cre-366537,SSp-ul,right,783,670,1485.232301,5081.487955,7820.997196,345,492
Rbp,L5,668365108,Rbp4-Cre_KL100-368445,SSp-ul,right,766,659,1848.222057,5158.25474,7857.261272,328,486
Rbp,L5,660744728,Rbp4-Cre_KL100;APP_PS1-360967,SSp-ul,right,776,655,1861.184176,5121.883393,7768.168011,337,480
Cux,L2,664715206,Cux2-IRES-Cre-368290,SSp-n,right,529,659,2536.553645,5692.780319,9507.388506,149,552
Cux,L2,866996527,Cux2-IRES-Cre-438673,SSp-n,right,627,666,2040.819067,5446.770478,8984.940392,212,526
Rbp,L5,722318582,Rbp4-Cre_KL100-384558,SSp-n,right,530,683,2584.439127,5964.505819,9305.415455,149,572
Rbp,L5,788203048,Rbp4-Cre_KL100-413542,SSp-n,right,640,659,2235.98929,5456.138819,8737.954771,222,516
Rbp,L5,878192758,Rbp4-Cre_KL100-441006,SSp-n,right,509,611,3014.743315,5532.074777,9292.22379,141,522
Scnn1a-Tg3,L4,767961578,Scnn1a-Tg3-Cre-400727,SSp-n,right,594,628,2353.153277,5257.291872,9152.370113,189,505
SepW,L2,846927506,Sepw1-Cre_NP39-425356,SSp-n,right,519,688,2323.389104,5889.535174,9768.057714,143,581
Tlx,L5,1171687603,Tlx3-Cre_PL56-616340,SSp-n,right,546,674,2412.753,5775.409418,9380.620353,158,560
Vip,pan,878701773,Vip-IRES-Cre-440987,SSp-n,right,485,620,2987.438676,5587.258385,9629.203072,129,538
A93,L5,757334697,A930038C07Rik-Tg1-Cre-400396,SSp-n,right,578,640,2484.101051,5458.114088,9120.934076,178,520
Tlx,L5,1049327825,Tlx3-Cre_PL56-524093,SSp-n,right,530,623,2797.896744,5494.262947,9308.744772,151,522
Tlx,L5,1049008304,Tlx3-Cre_PL56-524730,SSp-n,right,501,660,2785.915943,5868.74889,9463.54844,134,563
A93,L5,727957462,A930038C07Rik-Tg1-Cre-388126,SSp-m,right,609,593,2474.180022,4952.372529,9018.13887,200,472
Ctgf,L6,860614690,Ctgf-T2A-dgCre-435879,SSp-m,right,642,580,2633.966146,4908.01125,8609.566941,224,451
Ctgf,L6,894211788,Ctgf-T2A-dgCre-446805,SSp-m,right,555,559,3220.606621,5183.887298,8736.049291,170,464
Gnb4,pan,907256566,Gnb4-IRES2-Cre-447903,SSp-m,right,485,528,3600.215937,5179.074762,9055.471698,142,470
Nr5a,L4,731657588,Nr5a1-Cre-388272,SSp-m,right,609,598,2416.896593,4968.732837,9069.560883,200,476
Nr5a,L4,728656183,Nr5a1-Cre-388274,SSp-m,right,646,591,2229.730075,4756.025891,8906.868179,226,459
Ntng2,pan,825440701,Ntng2-IRES2-Cre-422396,SSp-m,right,632,494,3188.201608,4526.049876,8358.065565,223,388
Ntsr,L6,743575819,Ntsr1-Cre_GN220-392614,SSp-m,right,603,588,2730.699526,5070.455798,8811.110201,196,469
Pvalb,pan,788203789,Pvalb-IRES-Cre-413357,SSp-m,right,671,623,2140.572722,5010.315517,8620.761958,246,478
Pvalb,pan,782070352,Pvalb-IRES-Cre;Ai32-412133,SSp-m,right,627,638,2263.877021,5288.831542,8885.064432,213,503
Rbp,L5,779833775,Rbp4-Cre_KL100-409738,SSp-m,right,633,605,2462.989302,5050.165998,8769.279084,217,474
SepW,L2,808327672,Sepw1-Cre_NP39-419637,SSp-m,right,655,616,2062.337926,4912.601933,8867.143598,233,476
SepW,L2,807425444,Sepw1-Cre_NP39-419639,SSp-m,right,605,610,2257.916887,4981.325649,9230.519837,196,487
Sim1,L5,742739317,Sim1-Cre_KJ18;Ai167-392209,SSp-m,right,586,558,2704.073066,4743.722487,9141.527549,187,452
Sim1,L5,744301485,Sim1-Cre_KJ18;Snap25-LSL-F2A-GFP-394218-Pvalb-T2A-FlpO;Ai65F,SSp-m,right,660,557,2570.606086,4633.772575,8572.876268,238,427
Sst,pan,741148343,Sst-IRES-Cre-392280,SSp-m,right,602,602,2525.416638,5086.499854,8999.572047,195,481
Sst,pan,741163058,Sst-IRES-Cre-392719,SSp-m,right,627,581,2476.329121,4816.173319,8889.748825,213,456
Sst,pan,1002970645,Sst-IRES-Cre-484528,SSp-m,right,639,622,2399.449753,5176.721257,8722.667888,221,486
Tlx,L5,746842069,Tlx3-Cre_PL56-394841,SSp-m,right,578,597,2580.48418,5074.643587,9192.497445,180,484
Tlx,L5,762107841,Tlx3-Cre_PL56-399690,SSp-m,right,627,607,2372.127423,5023.300134,8907.263048,212,477
Vip,pan,741948682,Vip-IRES-Cre-391211,SSp-m,right,670,605,2319.988168,4932.152742,8566.828747,245,463
Vip,pan,727956451,Vip-IRES-Cre;Sst-IRES-FlpO-386416,SSp-m,right,598,606,2372.57605,5032.243695,9189.92798,192,486
A93,L5,658329576,A930038C07Rik-Tg1-Cre-360388,MOp,right,853,602,1834.388838,4404.1709,7170.076223,404,418
A93,L5,658807523,A930038C07Rik-Tg1-Cre-360389,MOp,right,854,592,1886.25597,4323.912037,7177.109444,404,409
Cux,L2,657424915,Cux2-IRES-Cre-358004,MOp,right,855,617,1618.779234,4461.796945,7197.185243,407,431
Cux,L2,657506101,Cux2-IRES-Cre-358005,MOp,right,847,607,1736.654243,4438.785902,7246.820404,399,424
Cux,L2,964968514,Cux2-IRES-Cre-464947,MOp,right,814,528,2099.166046,3835.428221,7525.736228,363,362
Cux,L2,975320307,Cux2-IRES-Cre-468406,MOp,right,829,506,2009.934995,3544.286747,7485.27068,374,338
Nr5a,L4,722879042,Nr5a1-Cre-385128,MOp,right,871,649,1392.977269,4694.601747,7069.574175,425,456
Ntsr,L6,660027849,Ntsr1-Cre_GN220-363928,MOp,right,845,650,2055.429885,5040.360862,7132.903802,401,464
Ntsr,L6,706775092,Ntsr1-Cre_GN220-381013,MOp,right,826,646,2210.182765,5106.208733,7226.718442,383,463
Pvalb,pan,728653849,Pvalb-IRES-Cre;Ai32-384879,MOp,right,836,615,2027.092261,4666.18178,7247.154646,390,434
Rbp,L5,667485032,Rbp4-Cre_KL100-368446,MOp,right,783,616,1954.776891,4736.9367,7720.600897,343,446
Rbp,L5,722319491,Rbp4-Cre_KL100-384559,MOp,right,844,593,2045.441457,4427.409,7201.27199,395,412
Scnn1a-Tg3,L4,728652601,Scnn1a-Tg3-Cre;ROSA26-ZtTA;Ai133-385511,MOp,right,859,630,1617.384072,4591.635322,7142.902285,412,441
Scnn1a-Tg3,L4,742982919,Scnn1a-Tg3-Cre;ROSA26-ZtTA;Ai90-392886,MOp,right,841,600,1962.202374,4469.128504,7230.233249,393,419
SepW,L2,658979743,Sepw1-Cre_NP39-361480,MOp,right,882,658,1467.373602,4798.872189,6957.242903,437,462
SepW,L2,658981237,Sepw1-Cre_NP39-361483,MOp,right,869,626,1405.025262,4462.587268,7111.708707,420,436
Sim1,L5,716774573,Sim1-Cre_KJ18-381894,MOp,right,840,634,1854.889231,4783.512707,7232.158624,396,450
Sim1,L5,716515245,Sim1-Cre_KJ18-381895,MOp,right,842,630,1726.639519,4674.370286,7255.331243,397,446
Sst,pan,716096826,Sst-IRES-Cre-379766,MOp,right,847,554,2103.793858,4051.243074,7220.382958,394,377
Sst,pan,713926018,Sst-IRES-Cre;Ai32-380117,MOp,right,829,652,1715.025134,4949.534827,7357.732521,386,468
Syt6,L6,1098275222,Syt6-Cre_KI148-569815,MOp,right,853,656,1921.325256,5034.479287,7101.8983,410,467
Tlx,L5,692649578,Tlx3-Cre_PL56-378394,MOp,right,853,633,1739.698618,4696.170065,7165.844851,407,446
Tlx,L5,660759241,Tlx3-Cre_PL56;APP_PS1-362386,MOp,right,856,618,1657.254533,4499.402443,7178.210912,408,432
Vip,pan,681577169,Vip-IRES-Cre-374498,MOp,right,860,652,1678.263163,4864.6936,7105.416123,416,462
Vip,pan,681885086,Vip-IRES-Cre-374499,MOp,right,826,595,2277.100203,4588.937413,7268.040221,380,418
Syt6,L6,1122496538,Syt6-Cre_KI148-583979,MOp,right,856,611,2054.565703,4605.65162,7103.655332,407,426
Cux,L2,658087043,Cux2-IRES-Cre-358007,MOs,right,951,467,1903.001771,3018.73531,6601.207256,483,282
Cux,L2,656840486,Cux2-IRES-Cre-358008,MOs,right,963,462,2025.175435,3029.28768,6537.888118,498,278
Cux,L2,716102747,Cux2-IRES-Cre-381797,MOs,right,1011,707,1397.766176,5127.915444,6182.615195,556,500
Cux,L2,791809848,Cux2-IRES-Cre-415346,MOs,right,935,407,2321.482928,2762.851542,6774.677174,464,237
Cux,L2,949316853,Cux2-IRES-Cre-459696,MOs,right,950,641,1536.515903,4557.080312,6524.063957,501,436
Cux,L2,970009579,Cux2-IRES-Cre-464944,MOs,right,933,625,1527.144617,4408.466929,6627.53327,482,423
Rbp,L5,990542777,Rbp4-Cre_KL100-474110,MOs,right,866,500,2512.95487,3749.106402,7084.709236,406,324
Rbp,L5,990225913,Rbp4-Cre_KL100-474114,MOp,right,824,579,2163.024326,4376.59695,7337.046168,376,405
Rbp,L5,993971512,Rbp4-Cre_KL100-480494,MOs,right,944,640,1373.427099,4490.02837,6508.328372,495,436
Rbp,L5,660329785,Rbp4-Cre_KL100;APP_PS1-360963,MOs,right,969,458,2202.234475,3111.250834,6575.918347,504,276
Rbp,L5,694321062,Rbp4-Cre_KL100;Camk2a-tTA;Ai93-379335,MOs,right,978,461,2265.870581,3171.91455,6568.917796,515,279
Rorb,L4,1154451441,Rorb-IRES2-Cre-605913,MOs,right,961,585,1611.497103,4018.496669,6470.535087,506,385
Syt6,L6,1153526123,Syt6-Cre_KI148-602824,MOs,right,974,460,2427.962205,3290.401238,6674.341581,510,278
Rbp,L5,997982972,Rbp4-Cre_KL100-480786,MOs,right,948,583,1804.850438,4072.403819,6611.971033,492,383
Tlx,L5,1145081693,Tlx3-Cre_PL56-596237,MOs,right,909,606,1693.291955,4315.553894,6800.087592,456,410
Rorb,L4,1221056685,Rorb-IRES2-Cre-637384,MOs,right,958,487,1910.075265,3202.08209,6550.540906,493,299
A93,L5,700706892,A930038C07Rik-Tg1-Cre-384386,VISal,left,499,945,1905.262766,8180.690526,2052.598881,163,820
Ctgf,L6,698114379,Ctgf-T2A-dgCre-379455,VISal,left,469,954,2251.253582,8311.254895,2147.898238,148,839
Ctgf,L6,706776226,Ctgf-T2A-dgCre-385467,VISal,left,483,970,2187.817184,8330.335617,2254.917218,160,848
Ctgf,L6,737933963,Ctgf-T2A-dgCre-398440,VISal,left,473,954,2222.437073,8269.564703,2162.726151,150,838
Cux,L2,709758919,Cux2-IRES-Cre;APP_PS1-388052,VISal,left,486,964,1914.554263,8370.282453,1999.644129,160,843
Nr5a,L4,685117260,Nr5a1-Cre-377605,VISal,left,485,948,1863.122508,8255.253723,1878.014279,156,828
Nr5a,L4,760879076,Nr5a1-Cre-397546,VISal,left,508,977,1694.091037,8412.638163,2058.629237,177,847
Ntsr,L6,678596240,Ntsr1-Cre_GN220-373544,VISal,left,436,959,2352.725384,8444.01763,1945.923595,132,854
Ntsr,L6,682204952,Ntsr1-Cre_GN220;Ai167-377091,VISal,left,493,978,2044.19784,8420.422326,2221.651319,168,853
Pvalb,pan,695959182,Pvalb-IRES-Cre-380326,VISal,left,502,984,1853.913023,8473.295927,2167.537053,176,856
Pvalb,pan,701805578,Pvalb-IRES-Cre-384362,VISal,left,446,953,2206.774895,8388.557382,1846.85507,135,845
Pvalb,pan,760369700,Pvalb-IRES-Cre-396320,VISal,left,540,970,1536.623058,8271.306678,2207.34484,194,830
Pvalb,pan,759924968,Pvalb-IRES-Cre-396323,VISal,left,509,986,1748.239324,8479.877623,2149.684458,180,854
SepW,L2,708443711,Sepw1-Cre_NP39-387811,VISal,left,477,971,1896.033695,8458.307063,1901.748842,157,852
Sst,pan,697031239,Sst-IRES-Cre-382582,VISal,left,465,971,2045.135484,8478.541299,1930.554346,151,855
Sst,pan,704155128,Sst-IRES-Cre-386010,VISal,left,474,962,2117.135682,8377.779654,2077.950919,153,844
Sst,pan,704516639,Sst-IRES-Cre-386011,VISal,left,475,980,2043.290554,8502.127794,2075.236101,159,861
Sst,pan,704517348,Sst-IRES-Cre-386012,VISal,left,511,965,1891.846409,8296.950408,2221.86905,176,834
Cux,L2,762892487,Cux2-IRES-Cre-402635,VISal,right,472,940,2007.118378,8224.923309,9541.50901,146,824
Cux,L2,967403582,Cux2-IRES-Cre-466033,VISal,right,465,981,1916.012083,8571.903472,9557.251641,154,865
Vip,pan,697030508,Vip-IRES-Cre;Ai32-381768,VISal,left,484,996,1859.341413,8620.198149,2028.392777,169,871
A93,L5,627870499,A930038C07Rik-Tg1-Cre-337826,VISl,left,450,1058,2093.572189,9172.926118,2134.634495,175,938
A93,L5,637368622,A930038C07Rik-Tg1-Cre-337827,VISl,left,461,1033,2037.030353,8953.206523,2106.863933,171,913
A93,L5,692648784,A930038C07Rik-Tg1-Cre-367356,VISl,left,477,1076,1951.418784,9235.189854,2320.578544,196,946
Chat,pan,645581851,Chat-IRES-Cre-neo-348959,VISl,left,477,1065,1886.092663,9199.357931,2227.642279,191,936
Ctgf,L6,687262291,Ctgf-T2A-dgCre-375032,VISl,left,459,1083,2302.044415,9157.458505,2472.452419,190,957
Ctgf,L6,686688296,Ctgf-T2A-dgCre-375033,VISl,left,484,1068,2158.806948,9010.222923,2515.508072,196,937
Ctgf,L6,723574294,Ctgf-T2A-dgCre-394279,VISl,left,420,1086,2510.726506,9276.178715,2359.482455,174,971
Ctgf,L6,849054274,Ctgf-T2A-dgCre-423064,VISl,left,455,1110,2338.804395,9359.739419,2554.788362,200,979
Cux,L2,567311049,Cux2-IRES-Cre-287716,VISl,left,516,1044,1586.769392,8965.455361,2278.110688,203,906
Cux,L2,710807435,Cux2-IRES-Cre-388450,VISl,left,472,1027,1828.569882,8945.083505,1993.139612,174,904
Emx,pan,580859972,Emx1-IRES-Cre-301199,VISl,left,495,1068,1837.125133,9146.574268,2357.221265,201,934
Emx,pan,595685750,Emx1-IRES-Cre-315577,VISl,left,467,1049,1994.134401,9064.844514,2177.660366,179,925
Gad2,pan,639809946,Gad2-IRES-Cre-339108,VISl,left,456,1011,2085.431096,8797.002566,2032.670029,160,895
Gad2,pan,795624670,Gad2-IRES-Cre-417238,VISl,left,450,982,2026.365558,8622.069247,1794.309876,147,871
Htr3a,pan,643262053,Htr3a-Cre_NO152-343832,VISl,left,471,1053,1834.804032,9157.586285,2082.77649,183,928
Ndnf,L2,570455120,Ndnf-IRES2-dgCre-275376,VISl,left,509,1019,1443.077047,8838.761585,2009.48398,191,886
Ndnf,L2,597001192,Ndnf-IRES2-dgCre-318647,VISl,left,493,1060,1769.236629,9122.938603,2261.70829,197,927
Nr5a,L4,672054485,Nr5a1-Cre-370849,VISl,left,494,1063,1742.487125,9152.062955,2259.116993,198,929
Nr5a,L4,690736154,Nr5a1-Cre-377606,VISl,left,479,1092,1820.435111,9427.817704,2278.080029,203,958
Nr5a,L4,853699815,Nr5a1-Cre-431671,VISl,left,464,1014,1866.818555,8860.270047,1908.38058,165,895
Nr5a,L4,854604899,Nr5a1-Cre-431672,VISl,left,454,1012,1944.821678,8868.622518,1879.457761,160,896
Ntsr,L6,569473173,Ntsr1-Cre_GN220-287692,VISl,left,530,1044,1723.940112,8842.370203,2493.306818,211,902
Ntsr,L6,588205666,Ntsr1-Cre_GN220-307261,VISl,left,453,1050,2083.161125,9108.018647,2126.083077,173,930
Ntsr,L6,602575573,Ntsr1-Cre_GN220-323306,VISl,left,512,1045,1979.75192,8820.11566,2521.296955,201,908
Ntsr,L6,693664673,Ntsr1-Cre_GN220-379165,VISl,left,475,1082,2170.450939,9169.728456,2496.178583,197,951
Pvalb,pan,566988283,Pvalb-IRES-Cre-274204,VISl,left,483,1013,1850.323338,8779.845124,2081.111177,175,889
Pvalb,pan,642968560,Pvalb-IRES-Cre-343066,VISl,left,512,1041,1755.361443,8894.020442,2351.71336,200,905
Pvalb,pan,643747460,Pvalb-IRES-Cre-344893,VISl,left,473,1031,1955.875654,8927.761785,2137.947719,176,908
Pvalb,pan,643748168,Pvalb-IRES-Cre-344894,VISl,left,449,1038,2099.198065,9033.017332,2066.632584,167,921
Pvalb,pan,816203229,Pvalb-IRES-Cre-421237,VISl,left,494,990,1693.644111,8583.584074,1964.793312,173,864
Pvalb,pan,698995459,Pvalb-IRES-Cre;Ai162-380104,VISl,left,440,1058,2132.756891,9208.2037,2080.71847,171,941
Rbp,L5,571008494,Rbp4-Cre_KL100-278410,VISl,left,466,1041,2002.210151,9006.755109,2159.968631,176,919
Rbp,L5,567724444,Rbp4-Cre_KL100-278411,VISl,left,429,1005,2204.712177,8839.560581,1857.4456,146,898
Rbp,L5,845491397,Rbp4-Cre_KL100-425077,VISl,left,413,1014,2345.698556,8928.58567,1868.493943,142,910
Rbp,L5,845492763,Rbp4-Cre_KL100-425079,VISl,left,464,1054,2028.452025,9107.815834,2197.676902,180,931
SepW,L2,652254255,Sepw1-Cre_NP39-354356,VISl,left,466,1078,1940.581884,9324.585368,2211.981838,191,951
SepW,L2,651999444,Sepw1-Cre_NP39-354359,VISl,left,505,1058,1732.744909,9060.572796,2330.639282,202,922
SepW,L2,790472771,Sepw1-Cre_NP39-416330,VISl,left,486,1064,1668.322374,9249.746268,2126.503156,195,933
SepW,L2,790471275,Sepw1-Cre_NP39-416332,VISl,left,497,1066,1625.34086,9225.592198,2194.940443,201,932
Sst,pan,571118102,Sst-IRES-Cre-279578,VISl,left,500,1047,1743.923688,9009.080507,2254.321344,195,914
Sst,pan,614736163,Sst-IRES-Cre-333331,VISl,left,502,1049,1904.224243,8936.337654,2414.51089,198,915
Sst,pan,658330286,Sst-IRES-Cre-364096,VISl,left,382,1070,2659.237695,9299.504577,2089.328947,151,968
Sst,pan,703222692,Sst-IRES-Cre-386007,VISl,left,491,1035,1654.432144,8989.904345,2061.333511,186,906
Sst,pan,760689355,Sst-IRES-Cre-397186,VISl,left,497,1004,1809.905652,8652.08715,2142.768831,179,876
Sst,pan,837159475,Sst-IRES-Cre-424067,VISl,left,471,982,1883.23577,8575.852993,1870.383017,158,864
Sst,pan,836677658,Sst-IRES-Cre-424068,VISl,left,441,1003,2040.858832,8823.334121,1798.054519,150,892
Sst,pan,849057799,Sst-IRES-Cre-426208,VISl,left,429,1032,2239.303156,9024.219084,1980.932379,156,922
Sst,pan,909566504,Sst-IRES-Cre-467598,VISl,left,469,1075,1974.990426,9262.881592,2254.109042,191,947
Tlx,L5,607317691,Tlx3-Cre_PL56-330014,VISl,left,460,1045,2007.891262,9068.72974,2109.839648,175,924
Tlx,L5,699510566,Tlx3-Cre_PL56-380328,VISl,left,492,1066,1856.269971,9136.535079,2336.026905,199,933
Tlx,L5,699511999,Tlx3-Cre_PL56-380329,VISl,left,481,1060,1898.897586,9124.847193,2251.787642,191,931
Tlx,L5,718829296,Tlx3-Cre_PL56;Ai75-394040,VISl,left,389,1039,2449.800953,9201.089843,1806.011639,142,940
Tlx,L5,718832553,Tlx3-Cre_PL56;Ai75-394041,VISl,left,468,1017,1978.5255,8820.510687,2065.764404,168,896
Vip,pan,577771849,Vip-IRES-Cre-299769,VISl,left,496,1047,1793.703395,8998.710045,2266.272235,193,915
Vip,pan,579987156,Vip-IRES-Cre-299773,VISl,left,488,1057,1780.650054,9115.391187,2219.152633,193,926
Vip,pan,596578975,Vip-IRES-Cre-318370,VISl,left,450,1102,2047.733878,9533.343402,2226.249418,194,975
Vip,pan,752842940,Vip-IRES-Cre-394020,VISl,left,490,1029,1727.947389,8918.128766,2095.209756,184,901
Vip,pan,849595419,Vip-IRES-Cre-426257,VISl,left,466,993,2094.035361,8619.350471,2074.772687,159,875
Vip,pan,849596153,Vip-IRES-Cre-426258,VISl,left,443,1002,2033.260719,8805.85574,1804.502717,151,890
Rbp,L5,1212869449,Rbp4-Cre_KL100-631149,VISl,right,427,1066,2210.472865,9304.056483,9352.11803,168,951
A93,L5,691604557,A930038C07Rik-Tg1-Cre-367357,VISl,left,491,1045,1885.746342,8962.795336,2293.366386,190,915
Sst,pan,703595949,Sst-IRES-Cre;Ai183-386384,VISl,left,488,1099,1851.363385,9405.604946,2413.262673,211,962
Vip,pan,700292056,Vip-IRES-Cre-383987,VISl,left,500,1066,1679.328676,9181.22682,2263.383085,203,931
A93,L5,612373166,A930038C07Rik-Tg1-Cre-332786,VISp,left,662,1091,1285.007906,8901.733056,3440.167964,318,908
A93,L5,793336052,A930038C07Rik-Tg1-Cre-416997,VISp,left,651,1059,1230.749564,8691.285269,3255.06177,300,881
A93,L5,1006694343,A930038C07Rik-Tg1-Cre-503498,VISp,left,641,1042,1216.562112,8587.059135,3114.376842,287,867
A93,L5,1008563582,A930038C07Rik-Tg1-Cre-503499,VISp,left,629,1062,1304.746085,8763.249933,3114.139652,284,889
A93,L5,1008567524,A930038C07Rik-Tg1-Cre-503502,VISp,left,613,1069,1370.885246,8858.390224,3037.051351,275,900
A93,L5,1008970561,A930038C07Rik-Tg1-Cre-503505,VISp,left,641,1078,1254.253945,8873.845201,3237.43447,298,901
A93,L5,1172301271,A930038C07Rik-Tg1-Cre-618328,VISp,left,539,1236,1810.99792,9975.029275,3024.523118,298,1035
Ctgf,L6,614095034,Ctgf-T2A-dgCre-328219,VISp,left,640,1105,1578.846312,8970.420502,3476.557231,307,927
Ctgf,L6,623287439,Ctgf-T2A-dgCre-333499,VISp,left,648,1105,1563.212851,8939.519175,3535.416979,313,923
Ctgf,L6,717060091,Ctgf-T2A-dgCre-388640,VISp,left,670,986,1462.923959,8002.291181,3313.127455,294,806
Cux,L2,559076095,Cux2-IRES-Cre-268245,VISp,left,659,1063,966.4023468,8764.5264,3210.403171,307,883
Cux,L2,569389510,Cux2-IRES-Cre-287718,VISp,left,583,1062,1356.997466,8916.950684,2753.645761,251,903
Cux,L2,721425950,Cux2-IRES-Cre-394948,VISp,left,686,1147,917.4003787,9377.919006,3656.78564,358,952
Cux,L2,720659787,Cux2-IRES-Cre-395440,VISp,left,622,983,1146.56186,8152.881242,2756.485893,256,817
Cux,L2,720253570,Cux2-IRES-Cre-395445,VISp,left,564,1155,1377.943956,9742.333193,2882.121736,276,988
Cux,L2,720663722,Cux2-IRES-Cre-395446,VISp,left,675,1197,1047.902855,9719.87764,3711.376577,371,994
Cux,L2,721424527,Cux2-IRES-Cre-395448,VISp,left,547,1036,1388.103315,8838.203474,2380.266863,219,890
Cux,L2,810421471,Cux2-IRES-Cre-419234,VISp,left,655,1037,1002.439064,8544.840414,3123.299827,296,859
Cux,L2,809350685,Cux2-IRES-Cre-419235,VISp,left,686,953,928.7718131,7735.048081,3137.332568,300,771
Cux,L2,835924922,Cux2-IRES-Cre-423043,VISp,left,566,1140,1456.269271,9555.04272,2904.770069,271,975
Cux,L2,853699021,Cux2-IRES-Cre-428493,VISp,left,682,1062,934.0320171,8698.966289,3396.191015,324,876
Cux,L2,1005230600,Cux2-IRES-Cre-500503,VISp,left,678,1060,882.2148519,8700.055518,3341.386852,322,875
Cux,L2,1006406902,Cux2-IRES-Cre-500504,VISp,left,649,1042,1023.737586,8597.344806,3090.42398,293,865
Cux,L2,1006407336,Cux2-IRES-Cre-500506,VISp,left,650,1069,1067.178538,8825.929635,3207.656336,302,890
Cux,L2,1006177214,Cux2-IRES-Cre-500509,VISp,left,658,1072,1079.577008,8821.928338,3279.114567,309,892
Cux,L2,1179425317,Cux2-IRES-Cre-620437,VISp,left,491,1196,1856.073973,9996.844497,2707.111409,261,1030
Emx,pan,595254118,Emx1-IRES-Cre-315576,VISp,left,612,1086,1326.235551,9009.382509,3053.603371,280,916
Emx,pan,789033256,Emx1-IRES-Cre-414606,VISp,left,697,1066,1132.796253,8662.408565,3600.515034,338,876
Gad2,pan,679151057,Gad2-IRES-Cre-374142,VISp,left,630,1107,1421.775289,9063.011012,3302.737087,300,930
Gad2,pan,678009125,Gad2-IRES-Cre-374143,VISp,left,624,1117,1361.734231,9173.708421,3254.357454,300,941
Ndnf,L2,669149750,Ndnf-IRES2-dgCre-369880,VISp,left,677,1061,828.2193627,8727.423445,3301.330058,321,876
Ndnf,L2,814490896,Ndnf-IRES2-dgCre-418405,VISp,left,664,1058,696.1636315,8767.246185,3138.735689,310,877
Nr5a,L4,570067812,Nr5a1-Cre-271317,VISp,left,573,998,1423.967498,8408.543961,2521.65833,224,846
Nr5a,L4,612857000,Nr5a1-Cre-333240,VISp,left,699,1127,973.4967564,9140.359674,3705.515102,360,933
Nr5a,L4,613899006,Nr5a1-Cre-333241,VISp,left,654,1117,1107.667648,9173.137552,3385.505729,322,933
Nr5a,L4,675807460,Nr5a1-Cre-370851,VISp,left,535,1117,1590.972578,9454.396721,2664.738142,243,965
Nr5a,L4,674212849,Nr5a1-Cre-370854,VISp,left,729,1064,835.132472,8618.959842,3772.514829,365,867
Nr5a,L4,692165967,Nr5a1-Cre-377607,VISp,left,507,1077,1682.241019,9227.775587,2379.858128,211,938
Nr5a,L4,753761310,Nr5a1-Cre-395108,VISp,left,643,1054,1051.543744,8715.622933,3097.564075,292,878
Nr5a,L4,752844254,Nr5a1-Cre-395109,VISp,left,622,1072,1155.014126,8918.746902,3009.791059,282,901
Nr5a,L4,756030066,Nr5a1-Cre-395110,VISp,left,658,1061,990.0943456,8745.327659,3211.532248,306,881
Nr5a,L4,834789803,Nr5a1-Cre-423205,VISp,left,660,1075,1039.136615,8858.260724,3285.868839,311,894
Ntsr,L6,568949055,Ntsr1-Cre_GN220-267301,VISp,left,643,1107,1410.743725,9027.997973,3404.049865,310,927
Ntsr,L6,564389875,Ntsr1-Cre_GN220-267302,VISp,left,615,1077,1517.781029,8860.247535,3147.143572,279,907
Ntsr,L6,653454892,Ntsr1-Cre_GN220-357505,VISp,left,536,1118,1893.669341,9284.90823,2874.167325,244,965
Ntsr,L6,693663724,Ntsr1-Cre_GN220-379163,VISp,left,505,1064,1998.947707,8986.103288,2546.14051,205,927
Ntsr,L6,816200254,Ntsr1-Cre_GN220-418304,VISp,left,647,1055,1525.162486,8604.588102,3326.756999,296,878
Penk,L2/3/5/6,1184925085,Penk-IRES2-Cre-neo-622686,VISp,left,564,1046,1719.856327,8735.494453,2763.092339,233,893
Penk,L2/3/5/6,1184533732,Penk-IRES2-Cre-neo-622687,VISp,left,608,1074,1449.24137,8886.843561,3040.711903,273,906
Penk,L2/3/5/6,1186091586,Penk-IRES2-Cre-neo;Slc17a7-IRES2-Flpo--625290-WPRE-neo,VISp,left,564,1079,1684.141834,8990.23501,2845.907226,245,924
Penk,L2/3/5/6,1214365010,Penk-IRES2-Cre-neo;Slc17a7-IRES2-FlpO-638301-WPRE-neo,VISp,left,579,1069,1668.983305,8878.675427,2913.246878,251,911
Penk,L2/3/5/6,1214551075,Penk-IRES2-Cre-neo;Slc17a7-IRES2-FlpO-638304-WPRE-neo,VISp,left,587,1050,1501.824302,8750.271961,2837.292416,250,890
Penk,L2/3/5/6,1214189881,Penk-IRES2-Cre-neo;Slc17a7-IRES2-FlpO-638305-WPRE-neo,VISp,left,589,1038,1660.530493,8600.455735,2896.251124,247,878
Pvalb,pan,604106576,Pvalb-IRES-Cre-325579,VISp,left,626,1108,1177.536704,9182.888401,3159.137328,298,933
Pvalb,pan,607047839,Pvalb-IRES-Cre-329305,VISp,left,639,1109,1113.540592,9173.349789,3245.821043,308,931
Pvalb,pan,670227249,Pvalb-IRES-Cre-368840,VISp,left,624,1114,1386.320969,9143.065907,3254.570997,299,938
Pvalb,pan,694321980,Pvalb-IRES-Cre-380318,VISp,left,508,1083,1624.618474,9290.7243,2357.61141,214,942
Pvalb,pan,694794397,Pvalb-IRES-Cre-380320,VISp,left,484,1082,1803.722251,9321.410769,2275.395129,201,948
Pvalb,pan,756032860,Pvalb-IRES-Cre-395985,VISp,left,662,1058,996.2110722,8701.460265,3248.883657,308,876
Pvalb,pan,759688784,Pvalb-IRES-Cre-396145,VISp,left,645,1031,1058.009408,8512.64522,3044.972013,287,856
Pvalb,pan,759474502,Pvalb-IRES-Cre-396148,VISp,left,630,1060,1292.670821,8754.767558,3104.239318,284,888
Pvalb,pan,759688076,Pvalb-IRES-Cre-396319,VISp,left,648,1039,1245.653493,8532.05595,3172.53889,292,862
Pvalb,pan,896778813,Pvalb-IRES-Cre-460629,VISp,left,647,1059,1202.851551,8717.838017,3201.008018,297,882
Pvalb,pan,708402202,Pvalb-IRES-Cre;Ai75-385366,VISp,left,491,1085,1794.980013,9311.447977,2340.815076,206,949
Rbp,L5,611467679,Rbp4-Cre_KL100-330689,VISp,left,628,1109,1380.749064,9107.228046,3277.378347,300,933
Rbp,L5,673671538,Rbp4-Cre_KL100-371806,VISp,left,604,1057,1410.42202,8786.398309,2940.161244,264,892
Rbp,L5,672996788,Rbp4-Cre_KL100-371807,VISp,left,729,1014,1166.779632,8158.303106,3749.258438,352,819
Rbp,L5,672997669,Rbp4-Cre_KL100-371808,VISp,left,697,1004,1167.547176,8134.482528,3445.304888,321,817
Rbp,L5,674930037,Rbp4-Cre_KL100-371811,VISp,left,647,1124,1259.699558,9181.992128,3393.4633,319,941
Rbp,L5,696460507,Rbp4-Cre_KL100-381870,VISp,left,513,1173,1841.621636,9698.110472,2801.884103,257,1014
Rbp,L5,702498503,Rbp4-Cre_KL100-384555,VISp,left,580,1173,1564.174276,9593.366838,3139.464932,294,999
Rbp,L5,789008674,Rbp4-Cre_KL100-413546,VISp,left,483,1189,1968.780346,9836.721452,2697.002223,253,1029
Rbp,L5,817128092,Rbp4-Cre_KL100-419899,VISp,left,635,1137,1326.220843,9281.103975,3361.942346,316,956
Rbp,L5,844774677,Rbp4-Cre_KL100-425082,VISp,left,552,1015,1610.663667,8573.791788,2520.848351,216,868
Rbp,L5,1171687301,Rbp4-Cre_KL100-617249,VISp,left,534,1164,1678.26058,9714.150605,2839.260118,263,1003
Rbp,L5,701090541,Rbp4-Cre_KL100;Ai148-384095,VISp,left,766,1237,1119.5,9456.25,4053.75,437,992
Rxfp1,L6,1161994026,Rxfp1-P2A-Cre-612666,VISp,left,661,1068,1371.184312,8719.917104,3416.323717,310,887
Rxfp1,L6,1179856619,Rxfp1-P2A-Cre-621622,VISp,left,636,1061,1385.814197,8710.215382,3190.431877,288,886
Rxfp1,L6,1180089235,Rxfp1-P2A-Cre-621633,VISp,left,646,1063,1337.452505,8710.336827,3263.583142,297,886
SepW,L2,626108144,Sepw1-Cre_NP39-334920,VISp,left,646,1092,1042.075884,9032.295216,3220.989221,307,913
SepW,L2,754809667,Sepw1-Cre_NP39-406336,VISp,left,558,1110,1392.230549,9384.454459,2716.01651,254,952
SepW,L2,754436406,Sepw1-Cre_NP39-407890,VISp,left,678,1156,946.7917672,9450.204914,3620.988868,356,961
Slc17a8,L5,1197777284,Slc17a8-iCre-630732,VISp,left,586,1087,1504.852062,9041.35878,2948.485226,263,925
Slc17a8,L5,1198004318,Slc17a8-iCre-630733,VISp,left,634,1059,1308.029211,8728.608905,3147.083991,287,885
Sst,pan,567969904,Sst-IRES-Cre-275705,VISp,left,697,1106,1015.457136,8989.106927,3651.315131,351,914
Sst,pan,596578264,Sst-IRES-Cre-317514,VISp,left,667,1090,1043.643278,8959.822203,3399.904749,322,906
Sst,pan,616675128,Sst-IRES-Cre-334150,VISp,left,564,1082,1666.213232,9023.090452,2847.706424,246,927
Sst,pan,653193772,Sst-IRES-Cre-356456,VISp,left,536,1125,1653.005464,9462.568891,2740.731503,248,971
Sst,pan,758692763,Sst-IRES-Cre-396011,VISp,left,633,1055,1170.868999,8729.828475,3068.383585,285,881
Sst,pan,758690415,Sst-IRES-Cre-396012,VISp,left,628,1045,1379.124844,8616.352335,3082.727883,278,874
Sst,pan,756031119,Sst-IRES-Cre-396014,VISp,left,608,1078,1447.113069,8918.948194,3055.927529,274,910
Sst,pan,837166447,Sst-IRES-Cre-424065,VISp,left,633,1027,1154.922548,8491.404461,2975.971797,276,855
Sst,pan,895139472,Sst-IRES-Cre-454702,VISp,left,646,1063,1264.223979,8734.095384,3231.64932,298,886
Sst,pan,978126988,Sst-IRES-Cre-468401,VISp,left,624,1037,1208.164986,8604.94392,2942.809565,272,868
Sst,pan,978126251,Sst-IRES-Cre-468403,VISp,left,629,1062,1233.898834,8788.184617,3078.764948,284,889
Sst,pan,983638049,Sst-IRES-Cre-471639,VISp,left,579,1064,1533.222672,8881.587324,2826.327631,249,906
Sst,pan,982673282,Sst-IRES-Cre-471641,VISp,left,653,1049,1142.806476,8624.873149,3202.410078,298,871
Sst,pan,981743260,Sst-IRES-Cre-471643,VISp,left,626,1036,1320.287445,8562.565248,3024.579272,274,866
Sst,pan,981742526,Sst-IRES-Cre-471644,VISp,left,646,1059,1203.894607,8713.540669,3190.939129,296,882
Sst,pan,987587524,Sst-IRES-Cre-472681,VISp,left,655,1046,1129.591751,8607.097396,3190.560637,299,868
Sst,pan,985967231,Sst-IRES-Cre-472682,VISp,left,671,1051,1154.480136,8590.946081,3362.696463,313,868
Tlx,L5,605658101,Tlx3-Cre_PL56-326433,VISp,left,619,1104,1385.40721,9096.134921,3198.967475,292,931
Tlx,L5,678010559,Tlx3-Cre_PL56-374426,VISp,left,674,1147,1144.20369,9285.064971,3603.681681,350,956
Tlx,L5,707221951,Tlx3-Cre_PL56-387573,VISp,left,694,967,1023.250708,7843.597253,3282.761312,310,782
Tlx,L5,719200213,Tlx3-Cre_PL56-393257,VISp,left,683,952,1152.216091,7741.942462,3203.620127,297,770
Tlx,L5,914299065,Tlx3-Cre_PL56-447278,VISp,left,641,1072,1168.726824,8847.119538,3175.727993,296,895
Tlx,L5,913813203,Tlx3-Cre_PL56-447279,VISp,left,631,1076,1289.898353,8872.388505,3150.231114,290,901
Tlx,L5,914300081,Tlx3-Cre_PL56-447280,VISp,left,644,1071,1222.353411,8819.654739,3225.459018,298,894
Tlx,L5,913810874,Tlx3-Cre_PL56-449176,VISp,left,614,1046,1362.35727,8662.512119,2969.7178,267,878
Tlx,L5,913810063,Tlx3-Cre_PL56-454349,VISp,left,635,1062,1182.047867,8770.938813,3100.699055,289,888
Tlx,L5,912693448,Tlx3-Cre_PL56-454350,VISp,left,651,1054,1184.486636,8663.059267,3210.430163,298,876
Tlx,L5,986804106,Tlx3-Cre_PL56-471982,VISp,left,630,1059,1317.238434,8732.0753,3117.808832,284,886
Tlx,L5,986803182,Tlx3-Cre_PL56-471983,VISp,left,645,1071,1225.86719,8815.796384,3235.588787,299,894
Vip,pan,575905900,Vip-IRES-Cre-298656,VISp,left,651,1082,1126.58489,8909.395184,3265.60681,307,902
Vip,pan,595685040,Vip-IRES-Cre-316809,VISp,left,633,1097,1256.911482,9042.220407,3224.869164,299,920
Vip,pan,596806103,Vip-IRES-Cre-318369,VISp,left,639,1126,1218.253193,9254.301956,3329.8228,314,945
Vip,pan,700291348,Vip-IRES-Cre-383308,VISp,left,540,1064,1404.036636,9081.695259,2410.062921,224,917
Vip,pan,751391234,Vip-IRES-Cre-394008,VISp,left,656,1026,1048.615534,8438.984977,3116.234589,293,848
Vip,pan,751365642,Vip-IRES-Cre-394012,VISp,left,586,1101,1439.902979,9173.929822,2942.966213,268,937
Vip,pan,751397901,Vip-IRES-Cre-394016,VISp,left,645,1017,1269.852823,8364.304099,3093.509774,282,843
Vip,pan,895140579,Vip-IRES-Cre-459886,VISp,left,642,1049,1359.432531,8617.503713,3198.834365,289,874
Vip,pan,895752260,Vip-IRES-Cre-459890,VISp,left,611,1054,1292.993333,8764.631876,2936.836503,269,887
Nr5a,L4,1165011591,Nr5a1-Cre-613794,VISp,left,476,1184,1902.509084,10007.15676,2589.416353,247,1027
Ntsr,L6,1169651071,Ntsr1-Cre_GN220-616841,VISpl,left,560,1251,1887.158657,9862.209799,3092.18037,302,1035
Calb1,pan,857424497,Calb1-IRES2-Cre-434379,VISpl,right,546,1272,2250.547079,10004.69337,8442.309254,246,968
Emx,pan,563350186,Emx1-IRES-Cre-281286,VISli,left,447,1019,2098.563044,8896.049198,1977.331527,159,905
Pvalb,pan,895121908,Pvalb-IRES-Cre-460625,VISli,left,442,975,2047.034857,8598.891404,1690.02459,140,867
Tlx,L5,695959944,Tlx3-Cre_PL56-380784,VISli,left,435,1077,2178.639133,9367.232795,2134.962149,177,959
Vip,pan,972754514,Vip-IRES-Cre-467605,VISli,left,455,994,2152.744393,8654.678077,2026.992556,154,880
Ctgf,L6,1165599829,Ctgf-T2A-dgCre-611316,VISli,right,393,1037,2475.655321,9143.198388,9524.152358,142,937
Cux,L2,967401372,Cux2-IRES-Cre-466034,VISli,right,460,1004,1884.6005,8797.531401,9564.400849,159,887
Rbp,L5,775971187,Rbp4-Cre_KL100-405701,VISli,right,429,1047,2180.076913,9166.950805,9412.590402,162,934
Rbp,L5,778982027,Rbp4-Cre_KL100-409320,VISli,right,420,1044,2278.71292,9144.742159,9431.914275,157,934
A93,L5,1159824157,A930038C07Rik-Tg1-Cre-609762,VISpor,left,388,1054,2478.44533,9308.11481,1877.551007,147,953
Ctgf,L6,1163590112,Ctgf-T2A-dgCre-611320,VISpor,left,344,1040,2876.34514,9197.254217,1858.221421,124,955
Cux,L2,1136482035,Cux2-IRES-Cre-592107,VISpor,left,359,1085,2656.775662,9512.03114,1904.665972,148,988
Cux,L2,1158999274,Cux2-IRES-Cre-609635,VISpor,left,354,1066,2652.421322,9478.058307,1761.632578,138,973
Nr5a,L4,1159000039,Nr5a1-Cre-610902,VISpor,left,365,1082,2526.554205,9625.51262,1774.455546,149,984
Ntsr,L6,1144635400,Ntsr1-Cre_GN220-595817,VISpor,left,386,1048,2613.827394,9168.316019,1993.511059,144,948
Ntsr,L6,1158794495,Ntsr1-Cre_GN220-608109,VISpor,left,336,1115,2842.073229,9479.901348,2036.781117,157,1015
Rbp,L5,1144635698,Rbp4-Cre_KL100-596096,VISpor,left,392,1052,2483.489505,9255.184541,1922.894198,148,950
Rbp,L5,1160657976,Rbp4-Cre_KL100-612269,VISpor,left,372,1054,2603.418777,9302.186387,1865.161572,140,958
Tlx,L5,1144635997,Tlx3-Cre_PL56-596240,VISpor,left,394,1081,2412.850413,9486.311601,1976.421929,161,974
Tlx,L5,1161254563,Tlx3-Cre_PL56-611420,VISpor,left,402,1036,2354.747476,9154.590355,1826.050445,146,933
Ctgf,L6,1143801763,Ctgf-T2A-dgCre-592483,VISpor,right,378,1011,2534.521732,9028.631076,9719.718176,126,920
Ntsr,L6,1155764437,Ntsr1-Cre_GN220-605762,VISpor,right,322,1042,2967.04673,9309.754916,9650.911947,118,964
SepW,L2,1140081992,Sepw1-Cre_NP39-592052,VISpor,right,354,1022,2766.618861,9100.809311,9643.194103,121,936
SepW,L2,1162856655,Sepw1-Cre_NP39-610180,VISpor,right,384,1063,2417.361385,9445.926218,9606.096733,149,962
Tlx,L5,1170504119,Tlx3-Cre_PL56-616338,VISpor,right,346,1097,2678.163056,9661.229839,9578.72078,150,1001
A93,L5,709755962,A930038C07Rik-Tg1-Cre-388125,VISrl,left,618,914,1483.553597,7604.390482,2731.66881,237,752
A93,L5,714527344,A930038C07Rik-Tg1-Cre-390991,VISrl,left,579,908,1628.695233,7668.722956,2465.815584,208,759
A93,L5,823803552,A930038C07Rik-Tg1-Cre-422338,VISrl,left,641,950,1286.65793,7829.23085,2900.668228,262,779
Ctgf,L6,713923483,Ctgf-T2A-dgCre-389331,VISrl,left,624,888,1753.567671,7471.961693,2907.360587,237,726
Ctgf,L6,767962841,Ctgf-T2A-dgCre-413088,VISrl,left,648,960,1533.193617,7898.047024,3110.507356,270,787
Cux,L2,711358511,Cux2-IRES-Cre-390078,VISrl,left,589,983,1216.49291,8241.217478,2498.452042,232,826
Cux,L2,848461111,Cux2-IRES-Cre-427266,VISrl,left,574,935,1337.97102,7870.405754,2279.382019,209,786
Cux,L2,899584589,Cux2-IRES-Cre-464943,VISrl,left,633,903,1120.435087,7406.385137,2602.27023,246,737
Nr5a,L4,617244640,Nr5a1-Cre-334518,VISrl,left,723,950,907.7549895,7620.921718,3455.445253,331,759
Nr5a,L4,686095581,Nr5a1-Cre-377600,VISrl,left,595,938,1398.720563,7845.977984,2531.595591,225,781
Nr5a,L4,686111987,Nr5a1-Cre-377603,VISrl,left,639,926,1271.25985,7629.922818,2829.992992,256,757
Ntsr,L6,705172575,Ntsr1-Cre_GN220-386974,VISrl,left,591,907,1757.454879,7667.048438,2662.140438,216,754
Ntsr,L6,711974650,Ntsr1-Cre_GN220;Ai148-389898,VISrl,left,632,930,1550.192803,7728.39219,2934.63101,251,763
Pvalb,pan,717056869,Pvalb-IRES-Cre-391892,VISrl,left,644,940,1231.286365,7734.569314,2873.619188,262,769
Pvalb,pan,718152397,Pvalb-IRES-Cre-391896,VISrl,left,620,894,1465.677308,7429.60247,2684.156241,235,732
Pvalb,pan,808328413,Pvalb-IRES-Cre-417832,VISrl,left,566,934,1606.376923,7901.941531,2396.112338,204,787
Rbp,L5,710806546,Rbp4-Cre_KL100-388973,VISrl,left,661,916,1332.499226,7511.059452,3037.702341,272,741
SepW,L2,709229229,Sepw1-Cre_NP39-389045,VISrl,left,635,961,1041.036787,7924.828966,2741.764976,260,792
SepW,L2,710205260,Sepw1-Cre_NP39-389046,VISrl,left,587,974,1288.08461,8162.4843,2494.864129,228,818
SepW,L2,750302389,Sepw1-Cre_NP39-406094,VISrl,left,639,921,1159.814718,7561.10167,2734.92923,254,752
SepW,L2,750303154,Sepw1-Cre_NP39-406333,VISrl,left,626,941,1284.409942,7786.335202,2754.355168,248,775
Sst,pan,705171103,Sst-IRES-Cre;Ai183-386386,VISrl,left,628,929,1429.770887,7701.52403,2815.145562,248,763
Sst,pan,714528815,Sst-IRES-Cre;Ai183-391410,VISrl,left,624,954,1330.842239,7909.8977,2798.095113,250,788
Rbp,L5,698535589,Rbp4-Cre_KL100;APP_PS1-382683,VISrl,left,625,905,1554.472913,7536.605245,2814.734072,241,741
Sst,pan,706395894,Sst-IRES-Cre;Ai162-387433,VISrl,left,642,926,1371.566969,7646.793446,2912.804836,259,757
Vip,pan,698992527,Vip-IRES-Cre-383312,VISrl,left,652,938,1206.10819,7699.28973,2939.425319,269,765
A93,L5,718836248,A930038C07Rik-Tg1-Cre-394668,VISa,left,683,936,1196.191359,7616.836601,3191.676781,294,755
A93,L5,816248463,A930038C07Rik-Tg1-Cre-422337,VISa,left,786,919,1030.677727,7261.953627,3966.009841,380,715
Cux,L2,710811148,Cux2-IRES-Cre-390077,VISa,left,700,937,935.9340373,7569.246687,3221.690647,308,752
Cux,L2,847794588,Cux2-IRES-Cre-428492,VISa,left,800,908,720.9422644,7065.270271,3996.25533,391,701
Gad2,pan,805563835,Gad2-IRES-Cre-417239,VISa,left,799,880,1003.948338,6887.371411,3996.38418,385,675
Ndnf,L2,817835321,Ndnf-IRES2-dgCre-418406,VISa,left,792,930,687.6626383,7282.024919,3951.390934,388,724
Nr5a,L4,707726716,Nr5a1-Cre-385124,VISa,left,725,924,927.0478053,7381.518922,3412.597525,328,733
Nr5a,L4,707727433,Nr5a1-Cre-385127,VISa,left,709,934,1015.247631,7527.883722,3326.644774,315,746
Ntsr,L6,712536970,Ntsr1-Cre_GN220-389923,VISa,left,674,930,1415.388882,7622.123027,3207.357583,285,752
Ntsr,L6,707728147,Ntsr1-Cre_GN220;Ai167-385455,VISa,left,698,895,1456.744071,7324.030489,3359.623339,298,713
SepW,L2,690766044,Sepw1-Cre_NP39-368437,VISa,left,706,947,805.0849013,7626.782141,3251.945096,316,760
SepW,L2,711949881,Sepw1-Cre_NP39-389052,VISa,left,690,914,930.2316363,7365.78359,3089.078192,295,732
SepW,L2,837654572,Sepw1-Cre_NP39-423686,VISa,left,799,909,523.3320818,7049.41716,3947.105874,391,702
Sst,pan,796784959,Sst-IRES-Cre-414617,VISa,left,790,921,1011.311337,7279.743181,4002.346673,385,716
Vip,pan,1002472665,Vip-IRES-Cre-475901,VISa,left,808,902,780.2289572,7011.544437,4067.54439,398,694
A93,L5,640282893,A930038C07Rik-Tg1-Cre-340730,VISam,left,753,1000,1049.637211,7994.550982,3867.163199,368,800
Ctgf,L6,644551763,Ctgf-T2A-dgCre-342058,VISam,left,762,982,1273.248772,7747.741002,3989.086365,373,780
Ctgf,L6,724127071,Ctgf-T2A-dgCre-394282,VISam,left,869,1071,1283.696676,7674.694282,4276.851093,416,805
Cux,L2,603566496,Cux2-IRES-Cre-324471,VISam,left,764,959,799.6454289,7610.023054,3801.108318,369,758
Emx,pan,603354152,Emx1-IRES-Cre-323878,VISam,left,778,958,880.3436748,7599.641229,3944.648979,381,754
Emx,pan,676354512,Emx1-IRES-Cre-372133,VISam,left,790,979,953.6686616,7750.105441,4104.158052,397,771
Gad2,pan,656537787,Gad2-IRES-Cre-359030,VISam,left,778,975,877.6608956,7734.713266,3978.928249,385,770
Ndnf,L2,606784126,Ndnf-IRES2-dgCre-329024,VISam,left,755,958,878.9401379,7638.46447,3746.096866,361,759
Nr5a,L4,670657026,Nr5a1-Cre-370848,VISam,left,800,940,695.369413,7366.294284,4057.101265,398,732
Ntsr,L6,623432427,Ntsr1-Cre_GN220-336180,VISam,left,796,939,1113.39502,7423.743638,4108.185771,394,732
Ntsr,L6,672055883,Ntsr1-Cre_GN220-371155,VISam,left,797,941,1104.995959,7446.857573,4108.702585,395,733
Pvalb,pan,623839600,Pvalb-IRES-Cre-335612,VISam,left,771,948,835.6971944,7513.040725,3855.33841,373,746
Pvalb,pan,642178652,Pvalb-IRES-Cre-340604,VISam,left,780,976,1104.203747,7755.019728,4042.087037,388,771
Pvalb,pan,642177943,Pvalb-IRES-Cre-340606,VISam,left,777,959,1077.944733,7617.940062,3978.058257,380,754
Pvalb,pan,642462713,Pvalb-IRES-Cre-343067,VISam,left,749,968,956.9874218,7733.537294,3732.524146,358,770
Rbp,L5,642461751,Rbp4-Cre_KL100-341239,VISam,left,787,965,972.4253035,7645.155752,4041.337137,390,758
Rbp,L5,656960426,Rbp4-Cre_KL100-359553,VISam,left,787,959,973.5769926,7591.051533,4031.31852,390,753
Sst,pan,642969270,Sst-IRES-Cre-342658,VISam,left,775,969,883.4422134,7697.564712,3944.866264,381,765
Sst,pan,643166158,Sst-IRES-Cre-342659,VISam,left,771,973,827.2462822,7738.972331,3906.60855,378,770
Tlx,L5,609886315,Tlx3-Cre_PL56-330019,VISam,left,773,967,863.4042628,7677.6142,3918.468037,379,763
Tlx,L5,818634905,Tlx3-Cre_PL56-421695,VISam,left,790,957,944.2763671,7567.293133,4043.798538,392,750
Vip,pan,601358888,Vip-IRES-Cre-320969,VISam,left,773,933,811.2268908,7376.436649,3835.169689,372,731
Vip,pan,681882975,Vip-IRES-Cre-376687,VISam,left,759,934,1187.444711,7467.044181,3811.293722,360,735
Vip,pan,681576461,Vip-IRES-Cre-376694,VISam,left,779,961,1141.858599,7637.503128,4012.306515,383,756
Sst,pan,883799448,Sst-IRES-Cre;Ai167-450230,VISam,right,812,1007,970.2676514,7964.88538,7046.321918,423,793
Syt6,L6,882398558,Syt6-Cre_KI148-442025,VISam,right,806,963,1034.187481,7603.893012,7172.275213,408,752
Sst,pan,644963630,Sst-IRES-Cre-347113,VISam,left,800,969,844.5794505,7645.630333,4157.26977,404,759
A93,L5,764857194,A930038C07Rik-Tg1-Cre-412185,VISpm,left,760,1039,983.0778126,8312.557492,4016.445126,385,835
Ctgf,L6,697633775,Ctgf-T2A-dgCre-378889,VISpm,left,783,1009,1235.399646,8021.677947,4230.377875,397,801
Ctgf,L6,835922052,Ctgf-T2A-dgCre-423065,VISpm,left,765,1046,1231.193522,8408.432064,4202.465996,391,841
Cux,L2,720254278,Cux2-IRES-Cre-394953,VISpm,left,749,1092,848.2683783,8774.093153,3981.412437,391,889
Nr5a,L4,1001394762,Nr5a1-Cre-481437,VISpm,left,766,1045,756.8187791,8367.730282,4016.277064,391,840
Ntsr,L6,806146595,Ntsr1-Cre_GN220-418307,VISpm,left,755,1048,1122.480385,8396.003459,4045.420773,382,845
Ntsr,L6,806145376,Ntsr1-Cre_GN220-418309,VISpm,left,770,1018,1168.409156,8123.227384,4094.568677,388,813
Pvalb,pan,651043623,Pvalb-IRES-Cre-352790,VISpm,left,769,1075,892.4335976,8578.124617,4125.057254,402,868
Pvalb,pan,805570875,Pvalb-IRES-Cre-415533,VISpm,left,773,1027,701.8651024,8202.299747,4028.828751,393,822
Pvalb,pan,807411619,Pvalb-IRES-Cre-417830,VISpm,left,775,1023,1005.076407,8158.868019,4105.556795,394,816
Pvalb,pan,693141939,Pvalb-IRES-Cre;Ai162-381806,VISpm,left,778,1083,1117.474978,8564.974946,4302.772856,413,874
Rbp,L5,826768975,Rbp4-Cre_KL100-422276,VISpm,left,761,1039,1024.818328,8316.616438,4031.864167,385,836
Rbp,L5,827562120,Rbp4-Cre_KL100-422280,VISpm,left,775,1044,915.9125982,8325.63291,4135.822645,399,836
SepW,L2,711950897,Sepw1-Cre_NP39-389819,VISpm,left,755,1039,820.8826969,8334.408265,3921.901691,380,836
SepW,L2,842292310,Sepw1-Cre_NP39-424770,VISpm,left,772,1022,644.8582996,8151.786997,3991.724984,391,816
Sst,pan,697633017,Sst-IRES-Cre-382579,VISpm,left,788,1024,880.3244238,8134.899695,4181.373034,406,814
Sst,pan,704142549,Sst-IRES-Cre-386009,VISpm,left,775,1049,991.1502074,8364.766147,4168.638427,400,842
Sst,pan,797723672,Sst-IRES-Cre-413338,VISpm,left,761,1042,929.6201178,8332.898078,4011.496597,386,837
Tlx,L5,804876777,Tlx3-Cre_PL56-417253,VISpm,left,780,1020,684.4336653,8129.514021,4062.537573,398,813
Tlx,L5,717557798,Tlx3-Cre_PL56;Ai75-394044,VISpm,left,764,1060,944.5786219,8478.082501,4085.4182,394,854
Vip,pan,683619439,Vip-IRES-Cre-376828,VISpm,left,762,1138,919.1154525,8982.797163,4124.76264,417,927
Vip,pan,815447030,Vip-IRES-Cre-421156,VISpm,left,778,1029,664.925467,8208.364238,4063.677417,398,822
Ctgf,L6,900247011,Ctgf-T2A-dgCre-446802,VISpm,right,799,1008,1173.447038,8028.309732,7056.891349,412,798
A93,L5,700702491,A930038C07Rik-Tg1-Cre-384381,VISpm,left,821,1040,756.5823296,8191.602384,4420.592537,438,822
Cux,L2,720256343,Cux2-IRES-Cre-394954,VISpm,left,781,1045,829.852411,8326.591872,4165.453962,405,836
Sst,pan,803465299,Sst-IRES-Cre-413334,VISpm,left,780,1052,778.1055023,8386.198233,4155.629184,405,843
A93,L5,875264795,A930038C07Rik-Tg1-Cre-440683,RSPagl,left,837,1025,729.0538309,8044.020046,4512.043891,449,805
Rbp,L5,711388388,Rbp4-Cre_KL100-388974,RSPagl,left,986,1237,1220.364766,8567.263833,4411.09998,422,865
A93,L5,877471117,A930038C07Rik-Tg1-Cre-440684,RSPagl,right,827,996,814.6701123,7822.117173,6986.25191,434,779
Cux,L2,762459066,Cux2-IRES-Cre-410373,RSPagl,right,861,962,837.7776531,7481.130802,6789.594332,458,740
Cux,L2,782069109,Cux2-IRES-Cre-410377,RSPagl,right,826,998,679.7834296,7830.747923,7002.646822,434,781
Cux,L2,1006981586,Cux2-IRES-Cre-486111,RSPagl,right,847,1008,564.0893337,7883.073089,6825.652511,456,788
Rbp,L5,762458339,Rbp4-Cre_KL100-405702,RSPagl,right,846,967,892.4059192,7562.691414,6872.512084,445,748
Rbp,L5,778986054,Rbp4-Cre_KL100-409323,RSPagl,right,833,1007,907.7676703,7900.757553,6917.204421,442,788
SepW,L2,1090757485,Sepw1-Cre_NP39-563506,RSPagl,right,822,1022,505.9515821,8057.146949,7000.85101,436,805
SepW,L2,1090757783,Sepw1-Cre_NP39-563508,RSPagl,right,835,1015,617.347277,7961.359178,6905.151472,445,796
Syt6,L6,881297027,Syt6-Cre_KI148-442026,RSPagl,right,834,969,969.8078525,7607.928165,6953.646835,434,752
Vip,pan,882734223,Vip-IRES-Cre-440985,RSPagl,right,838,982,815.3621062,7686.282774,6929.705131,441,764
Pvalb,pan,963098215,Pvalb-IRES-Cre-463110,RSPagl,right,845,1004,789.4232894,7856.766732,6844.253845,453,784
A93,L5,1240937601,A930038C07Rik-Tg1-Cre-637975,RSPd,right,978,1061,816.1815457,8128.931946,6189.870709,558,822
Ctgf,L6,744300042,Ctgf-T2A-dgCre-401163,RSPv,left,972,1255,1259.309036,8567.040355,4247.425778,392,860
Sst,pan,705737349,Sst-IRES-Cre;Ai162-387429,RSPv,left,952,1245,1071.114699,8878.247551,4713.505425,441,879
A93,L5,754812529,A930038C07Rik-Tg1-Cre-397219,RSPv,right,1090,953,1162.10597,7311.002847,6079.859182,569,725
A93,L5,750763323,A930038C07Rik-Tg1-Cre-397220,RSPv,right,1091,934,1163.042259,7152.662865,6059.368019,569,701
A93,L5,1012299945,A930038C07Rik-Tg1-Cre-488430,RSPv,right,1049,989,989.5725079,7598.210182,6082.505584,569,761
A93,L5,1036096498,A930038C07Rik-Tg1-Cre-497027,RSPv,right,1026,1181,1257.994923,8510.995697,6510.392309,387,869
A93,L5,1036220838,A930038C07Rik-Tg1-Cre-497028,RSPv,right,1075,1156,1529.520944,8274.816572,6540.537499,387,852
Cart,pan,992402819,Cart-Tg1-Cre-480468,RSPv,right,1164,1074,2022.042508,7956.902078,6297.988146,397,825
Ctgf,L6,933988007,Ctgf-T2A-dgCre-456894,RSPv,right,1153,911,1582.816671,7006.188798,6096.232947,426,740
Ctgf,L6,1041969387,Ctgf-T2A-dgCre-505824,RSPv,right,1013,1190,1223.106288,8631.641724,6477.872622,389,877
Ctgf,L6,1041969775,Ctgf-T2A-dgCre-505825,RSPv,right,1026,1203,1381.651969,8475.244083,6767.167766,371,867
Ctgf,L6,1041544707,Ctgf-T2A-dgCre-505826,RSPv,right,1098,968,1254.928721,7436.17311,6141.737825,569,736
Cux,L2,713265523,Cux2-IRES-Cre-381327,RSPv,right,1050,982,969.0490124,7534.884114,6072.298174,569,755
Cux,L2,791807756,Cux2-IRES-Cre-415339,RSPv,right,1079,977,1086.693346,7513.662575,6000.532897,569,744
Cux,L2,869456337,Cux2-IRES-Cre-438676,RSPv,right,1089,1125,1494.896708,8293.919352,6282.289651,404,852
Cux,L2,880713294,Cux2-IRES-Cre-441848,RSPv,right,1111,1124,1786.019988,8161.808551,6456.760819,393,844
Cux,L2,1165823837,Cux2-IRES-Cre-612135,RSPv,right,985,1065,861.4104927,8131.416738,6195.35306,562,825
Pvalb,pan,765333018,Pvalb-IRES-Cre-401200,RSPv,right,1059,978,939.7284971,7515.661133,5949.277206,569,746
Pvalb,pan,1038768470,Pvalb-IRES-Cre-504838,RSPv,right,996,1207,1267.935612,8804.621945,6475.657571,387,888
Pvalb,pan,1038768167,Pvalb-IRES-Cre-504841,RSPv,right,1095,1135,1582.387835,8220.571584,6439.229242,394,848
Pvalb,pan,1047502022,Pvalb-IRES-Cre-521338,RSPv,right,1053,953,934.229074,7295.017104,6039.249885,569,728
Rbp,L5,761809832,Rbp4-Cre_KL100-398595,RSPv,right,1114,951,1280.720211,7313.539726,6056.04724,424,774
Rbp,L5,770228969,Rbp4-Cre_KL100-401256,RSPv,right,1073,976,1091.687479,7497.122426,6097.254636,569,746
Rbp,L5,857440349,Rbp4-Cre_KL100-433047,RSPv,right,1041,1191,1329.847598,8205.557279,6851.937404,367,848
Rbp,L5,878195687,Rbp4-Cre_KL100-441001,RSPv,right,1025,1204,1514.680429,8441.919481,6813.511553,368,865
Scnn1a-Tg3,L4,1041062920,Scnn1a-Tg3-Cre-505352,RSPv,right,1004,1208,1284.85742,8691.693841,6587.391289,381,881
SepW,L2,794193863,Sepw1-Cre_NP39-416329,RSPv,right,1076,934,988.374983,7137.80941,5842.812525,569,706
SepW,L2,1122764024,Sepw1-Cre_NP39-584450,RSPv,right,1019,1209,1571.221621,8549.624256,6781.61866,370,872
Sst,pan,1033758371,Sst-IRES-Cre-495022,RSPv,right,1052,1170,1426.356481,8410.425638,6530.123376,386,862
Sst,pan,1033757928,Sst-IRES-Cre-495023,RSPv,right,1091,1133,1564.760286,8355.206651,6335.822373,400,856
Sst,pan,1049141067,Sst-IRES-Cre-522356,RSPv,right,1103,919,1264.940295,7044.509605,6053.831063,428,745
Sst,pan,726084284,Sst-IRES-Cre;Ai32-386132,RSPv,right,1074,919,1045.473056,7003.285052,5962.710345,569,698
Syt6,L6,682197675,Syt6-Cre_KI148-375935,RSPv,right,1054,988,1125.2831,7563.792136,6247.419548,568,759
Syt6,L6,698991564,Syt6-Cre_KI148-378932,RSPv,right,1058,998,1042.286092,7672.702331,6012.592175,569,765
Syt6,L6,1042378612,Syt6-Cre_KI148-507240,RSPv,right,1009,1206,1216.444587,8449.878854,6805.18065,369,865
Syt6,L6,1042108432,Syt6-Cre_KI148-507243,RSPv,right,1054,1174,1423.893592,8325.845532,6650.306994,379,856
Syt6,L6,1047818536,Syt6-Cre_KI148-521392,RSPv,right,1015,942,971.0242897,7218.665553,6236.247562,560,716
Vip,pan,1037784543,Vip-IRES-Cre-500513,RSPv,right,1007,906,1110.152326,6954.919521,6334.17234,556,682
Vip,pan,1037704155,Vip-IRES-Cre-500514,RSPv,right,1069,1100,1353.268804,7973.533739,6481.21725,392,831
Vip,pan,689721963,Vip-IRES-Cre;Ai148-377768,RSPv,right,1073,938,1004.910526,7171.99979,5957.298281,569,710
A93,L5,861755937,A930038C07Rik-Tg1-Cre-435576,AUDd,right,439,882,2349.218105,7870.43139,9747.3621,114,782
Ctgf,L6,902095961,Ctgf-T2A-dgCre-446798,AUDd,right,456,904,2327.92676,8016.481289,9458.594975,128,797
Nr5a,L4,866144873,Nr5a1-Cre-436749,AUDd,right,447,897,2105.295053,7951.952714,9882.239499,123,794
Ntsr,L6,886986555,Ntsr1-Cre_GN220-443144,AUDd,right,461,884,2303.505237,7855.17386,9504.509519,127,776
Scnn1a-Tg3,L4,716511033,Scnn1a-Tg3-Cre;Camk2a-tTA;Ai93(NC)-381381,AUDd,right,427,849,2376.186608,7634.454667,9991.425373,104,757
SepW,L2,844773711,Sepw1-Cre_NP39-424774,AUDd,right,458,890,2041.060503,7859.970532,9847.558558,127,783
A93,L5,739653980,A930038C07Rik-Tg1-Cre-390998,AUDp,right,373,843,2767.266062,7788.125983,10145.95534,77,772
A93,L5,746850771,A930038C07Rik-Tg1-Cre-395333,AUDp,right,363,855,2801.907037,7911.123324,10137.41773,75,787
Ctgf,L6,745342105,Ctgf-T2A-dgCre-393662,AUDp,right,354,827,3079.109595,7816.211706,9829.763719,70,766
Ctgf,L6,902879826,Ctgf-T2A-dgCre-446797,AUDp,right,426,883,2522.915756,7965.090191,9608.985827,108,788
Cux,L2,769752665,Cux2-IRES-Cre-402639,AUDp,right,383,827,2801.712701,7651.260203,10012.28762,80,755
Cux,L2,965570209,Cux2-IRES-Cre-464955,AUDp,right,350,818,2982.182096,7675.728803,10246.16465,68,760
Cux,L2,965571890,Cux2-IRES-Cre-464956,AUDp,right,366,819,2860.073047,7619.958864,10223.65253,73,754
Cux,L2,693152367,Cux2-IRES-Cre;APP_PS1-376224,AUDp,right,372,843,2776.518067,7788.417184,10148.80539,77,773
Nr5a,L4,691603846,Nr5a1-Cre-377601,AUDp,right,425,843,2398.980718,7586.464338,10029.86886,102,752
Nr5a,L4,705721822,Nr5a1-Cre-380690,AUDp,right,403,876,2385.876456,7919.433533,10186.56342,95,790
Nr5a,L4,860613948,Nr5a1-Cre-436754,AUDp,right,426,888,2246.989362,7935.466065,10035.92885,108,792
Ntsr,L6,675318023,Ntsr1-Cre_GN220-370078,AUDp,right,403,851,2714.925563,7801.923805,9728.180634,92,768
Ntsr,L6,703221837,Ntsr1-Cre_GN220-381016,AUDp,right,402,808,2868.781378,7517.173323,9698.451256,88,730
Ntsr,L6,871978138,Ntsr1-Cre_GN220;Ai167-436700,AUDp,right,416,867,2610.360457,7886.516154,9650.819326,100,778
Ntsr,L6,1045845541,Ntsr1-Cre_GN220;Ai167-509921,AUDp,right,387,825,2900.368629,7692.339992,9731.445452,82,751
Pvalb,pan,746841271,Pvalb-IRES-Cre-394437,AUDp,right,459,808,2361.17449,7209.506179,9805.002056,118,709
Pvalb,pan,745344505,Pvalb-IRES-Cre-396149,AUDp,right,349,829,3018.211107,7791.907526,10059.56061,68,770
Pvalb,pan,923588252,Pvalb-IRES-Cre;Ai32-455295,AUDp,right,407,906,2427.715998,8159.049926,9906.344817,103,816
Rbp,L5,744300777,Rbp4-Cre_KL100-392967,AUDp,right,359,897,2712.846698,8237.043199,10127.46376,82,825
Rbp,L5,750761945,Rbp4-Cre_KL100-396568,AUDp,right,376,820,2851.467043,7629.806267,10055.65657,77,752
Scnn1a-Tg3,L4,686687570,Scnn1a-Tg3-Cre-376428,AUDp,right,368,834,2768.137321,7714.196553,10283.79181,74,766
Scnn1a-Tg3,L4,867834427,Scnn1a-Tg3-Cre-437464,AUDp,right,356,919,2690.840913,8410.788099,10106.43243,86,846
SepW,L2,777100263,Sepw1-Cre_NP39-407889,AUDp,right,358,812,2894.336636,7560.761944,10386.6666,70,751
Sim1,L5,676355532,Sim1-Cre_KJ18-370530,AUDp,right,410,901,2424.707342,8108.573664,9904.943064,104,810
Sim1,L5,698534701,Sim1-Cre_KJ18-378618,AUDp,right,374,823,2852.48198,7646.335756,10062.3417,77,754
Sim1,L5,861753712,Sim1-Cre_KJ18-435199,AUDp,right,366,934,2620.450902,8500.152825,10028.42887,94,857
Sst,pan,716510317,Sst-IRES-Cre;Ai148-380971,AUDp,right,348,794,3091.597293,7516.77398,10218.27544,67,741
Sst,pan,679967281,Sst-IRES-Cre;Ai148(NC)-372475,AUDp,right,416,820,2593.700604,7462.951889,9952.132965,96,735
Sst,pan,883819436,Sst-IRES-Cre;Ai167-450229,AUDp,right,424,914,2338.140412,8169.391698,9798.806998,114,818
Tlx,L5,738712378,Tlx3-Cre_PL56-388850,AUDp,right,339,809,3085.546155,7646.025341,10289.21693,64,758
Tlx,L5,737935395,Tlx3-Cre_PL56-388851,AUDp,right,380,859,2647.812354,7870.085827,10163.57224,83,784
Tlx,L5,992720458,Tlx3-Cre_PL56-480836,AUDp,right,424,892,2400.135171,7994.041607,9797.414992,108,796
Vip,pan,685116246,Vip-IRES-Cre-376827,AUDp,right,382,805,2852.463268,7476.007519,10079.23965,80,736
Vip,pan,719765848,Vip-IRES-Cre-384793,AUDp,right,381,826,2796.333568,7649.498883,10057.03403,80,754
Cux,L2,762893389,Cux2-IRES-Cre-403911,AUDpo,right,397,939,2464.285948,8434.445148,9834.747584,108,850
Pvalb,pan,922645306,Pvalb-IRES-Cre;Ai32-455036,AUDpo,right,400,950,2396.850924,8518.62486,9865.128657,112,858
Rbp,L5,755441415,Rbp4-Cre_KL100-396564,AUDpo,right,435,928,2242.327467,8247.431194,9728.254306,123,827
Rbp,L5,750760823,Rbp4-Cre_KL100-396567,AUDpo,right,429,929,2259.522282,8268.496712,9773.412648,120,830
Rbp,L5,1051104198,Rbp4-Cre_KL100-530118,AUDpo,right,698,723,3727.343442,8786.299448,6494.484066,335,633
Scnn1a-Tg3,L4,868638273,Scnn1a-Tg3-Cre-437462,AUDpo,right,405,925,2328.062092,8307.670208,9998.268154,108,834
SepW,L2,844178178,Sepw1-Cre_NP39-424769,AUDpo,right,387,929,2454.066338,8408.125715,10029.78563,101,845
Sst,pan,874585237,Sst-IRES-Cre-436274,AUDpo,right,423,911,2373.160385,8142.245456,9763.92725,112,815
Vip,pan,865329051,Vip-IRES-Cre-437124,AUDpo,right,428,951,2210.290334,8433.135533,9755.463833,126,850
Rbp,L5,976676458,Rbp4-Cre_KL100-471217,AUDv,right,307,811,3347.622685,7829.867393,10121.85918,57,777
A93,,1191690217,A930038C07Rik-Tg1-Cre-627184,MOs,right,1004,469,2442.21,3344.57,6597.47,,
A93,,1186569250,A930038C07Rik-Tg1-Cre-623379,MOs,right,923,582,1807.77,4092.29,6748.32,,
Penk,,1162729232,Penk-IRES2-Cre-neo-611197,MOp,right,916,632,1763.440258,4595.503728,6766.238057,,
